part,Description,Project,sequence,length,genbank,specie,type,type_name,primer
CPR_Aan1_type3,Coding Sequence,Sanguinarine,GCATcgtctcaTCGGggtctcaTATGATGCAAAGCACGACCTCCGTTAAGTTGTCCCCGTTCGACCTAATGACGGCCCTGCTTAACGGTAAAGTTAGTTTTGATACGTCCAACACATCTGATACCAATATCCCTCTGGCGGTCTTCATGGAAAACAGAGAGCTGTTAATGATATTGACTACATCCGTCGCGGTGTTAATTGGCTGCGTAGTAGTACTGGTCTGGAGGAGGAGTAGCAGCGCCGCAAAGAAAGCCGCAGAATCTCCTGTGATTGTGGTGCCAAAGAAGGTTACTGAAGATGAGGTCGACGATGGTCGTAAGAAGGTTACCGTGTTCTTCGGTACCCAAACCGGAACAGCAGAAGGTTTTGCGAAAGCCCTGGTGGAGGAAGCAAAAGCCCGTTATGAAAAGGCCGTGTTCAAAGTCATCGACCTGGATGATTACGCCGCCGAAGACGACGAGTACGAAGAAAAACTTAAGAAAGAATCTCTTGCATTCTTTTTCCTGGCTACCTACGGCGACGGGGAGCCTACAGACAACGCAGCAAGATTTTATAAGTGGTTTACGGAGGGAGAAGAGAAAGGCGAATGGTTGGACAAATTGCAATACGCAGTTTTCGGTCTGGGCAATAGACAGTATGAGCATTTCAACAAAATCGCCAAAGTCGTTGATGAGAAACTGGTTGAACAGGGCGCAAAGCGTCTTGTTCCCGTGGGGATGGGAGACGATGACCAGTGCATTGAAGATGACTTCACTGCATGGAAAGAGTTAGTCTGGCCGGAGCTGGACCAATTACTTCGTGATGAAGACGATACGTCTGTTGCTACACCGTATACCGCAGCGGTGGGGGAATACAGGGTGGTGTTCCACGACAAACCTGAGACGTACGATCAAGATCAGCTAACGAATGGACACGCCGTTCATGACGCGCAACACCCGTGTAGAAGCAACGTTGCAGTGAAGAAAGAGTTGCATAGCCCCTTGTCAGACAGAAGTTGCACCCACTTGGAGTTCGACATTTCAAACACTGGGCTGAGCTACGAGACGGGGGACCACGTGGGAGTTTACGTTGAGAATCTGTCTGAGGTGGTGGACGAAGCTGAAAAGTTGATTGGACTACCACCCCATACGTACTTTTCTGTCCACACTGATAATGAAGACGGAACCCCACTGGGGGGAGCGTCTTTACCCCCTCCTTTCCCCCCTTGTACGCTTAGAAAAGCGCTGGCCAGTTATGCCGATGTATTAAGTTCCCCGAAAAAAAGCGCCCTATTGGCACTGGCCGCTCATGCCACCGACAGTACAGAGGCAGATCGTCTGAAATTTTTTGCGTCCCCGGCTGGAAAAGACGAGTATGCCCAATGGATCGTGGCGAGCCATAGGAGTCTTCTTGAAGTTATGGAGGCCTTCCCGTCCGCGAAGCCACCTTTAGGCGTGTTTTTTGCATCAGTCGCCCCTAGATTACAGCCCAGATACTATTCCATATCATCAAGCCCCAAATTTGCACCGAACCGTATTCATGTAACTTGCGCCTTGGTGTACGAACAGACACCTTCTGGCAGAGTTCATAAGGGAGTCTGTTCCACTTGGATGAAGAACGCCGTGCCGATGACGGAATCCCAAGATTGTAGTTGGGCtCCGATCTATGTACGTACGAGCAACTTTAGATTGCCGTCTGACCCGAAGGTCCCTGTGATTATGATTGGCCCAGGAACCGGGCTAGCCCCGTTCAGGGGGTTTCTACAAGAACGTCTGGCTCAGAAGGAAGCGGGGACCGAGCTGGGCACTGCGATCCTTTTCTTCGGCTGCAGAAATAGAAAGGTCGATTTTATTTATGAGGACGAACTAAACAACTTTGTGGAAACAGGGGCGTTAAGCGAACTGGTGACAGCTTTCAGCCGTGAGGGGGCAACGAAGGAGTATGTCCAGCACAAAATGACCCAGAAGGCTTCAGACATATGGAACCTACTTTCTGAGGGTGCTTATCTATACGTCTGTGGAGACGCGAAAGGGATGGCTAAGGACGTGCACAGAACACTGCATACTATTGTACAAGAACAAGGTTCATTAGATTCCAGCAAAGCAGAACTGTACGTCAAAAATCTTCAGATGGCAGGACGTTACCTGCGTGACGTATGGGGCTGAATCCtgagaccGACCtgagacgGCAT,2170,,,3,CDS,
CPR_Atr1_type3,Coding Sequence,Sanguinarine,GCATcgtctcaTCGGggtctcaTATGATGGTTCGTACGCCTTGCTGCAAAGAAGAAGGGATTAAAAAAGGTGCCTGGACTCCTGAGGAAGACCAAAAACTTATTGCTTATTTACATCTTCATGGGGAAGGCGGGTGGAGGACACTACCCGAGAAGGCTGGCCTAAAGCGTTGTGGTAAAAGCTGTAGACTGCGTTGGGCGAATTATCTAAGACCAGACATAAAAAGAGGTGAGTTTTCCCCTGAGGAGGACGATACTATTATAAAACTACATGCTTTGAAAGGGAATAAGTGGGCCGCTATTGCAACTAGCCTAGCCGGGAGGACTGATAACGAGATTAAGAACTATTGGAATACCAACCTAAAAAAGCGTTTGAAACAGAAGGGCATTGACGCGATTACTCATAAGCCTATCAATTCCACAGGCCAAACGGGTTTTGAACCCAAAGTAAATAAACCTGTGTATAGCTCAGGAAGCGCACGTTTGCTGAATAGGGTAGCGAGCAAATACGCGGTTGAATTAAATCGTGATCTGCTTACCGGTATAATATCTGGGAATTCAACTGTAGCAGAGGATTCTCAGAACTCAGGCGATGTCGATTCCCCAACATCAACCTTGTTAAATAAGATGGCGGCAACCTCAGTCCTAATAAACACTACAACAACGTATAGCGGATTCTCTGATAACTGCTCATTCACCGATGAATTCAATGAATTTTTCAACAATGAGGAAATATCCGATATCTATACAACGGTGGATAATTTTGGCTTCATGGAGGAGTTGAAAAGTATATTATCTTACGGAGATGCATCAGCTGGCGTCATTGAAAATAGCCCTGAGGTCAATGTAGCAGATGCAATGGAATTTATAGACAGTTGGAATGAGGACGATAACATGGTCGGCGTTTTCGTTTAGATCCtgagaccGACCtgagacgGCAT,940,,,3,CDS,
CPR_Atr2_type3,Coding Sequence,Sanguinarine,GCATcgtctcaTCGGggtctcaTATGATGAGTTCATCCAGTTCTTCTTCAACCTCAATGATTGATCTAATGGCTGCCATAATTAAAGGCGAGCCGGTCATAGTGAGTGACCCCGCTAATGCTAGTGCCTACGAATCCGTAGCGGCAGAATTATCCTCTATGTTAATTGAAAATAGACAGTTCGCGATGATCGTTACGACTTCTATCGCAGTACTTATAGGCTGCATAGTAATGTTAGTATGGAGGCGTAGCGGATCCGGGAACTCTAAGAGGGTCGAACCTCTTAAACCGCTTGTGATAAAACCCAGAGAGGAGGAGATTGATGACGGGAGGAAGAAGGTCACGATTTTTTTCGGCACCCAGACAGGGACGGCTGAAGGTTTCGCGAAAGCCCTGGGGGAGGAAGCAAAAGCGAGATACGAAAAGACGAGATTTAAGATAGTTGACCTTGATGATTATGCTGCCGATGACGATGAGTACGAAGAAAAACTTAAAAAGGAGGATGTTGCCTTCTTTTTCCTGGCAACTTACGGCGATGGTGAGCCAACAGATAACGCCGCCCGTTTTTATAAGTGGTTTACCGAGGGTAATGATAGAGGCGAATGGTTGAAGAACTTGAAATATGGGGTCTTTGGGCTGGGCAACAGACAGTATGAGCACTTTAACAAAGTAGCGAAGGTGGTTGATGATATCCTAGTAGAGCAAGGAGCTCAAAGGCTTGTCCAAGTTGGCCTGGGGGATGATGACCAATGTATTGAAGACGACTTTACAGCATGGCGTGAAGCTCTGTGGCCCGAATTAGATACCATATTGAGAGAAGAAGGTGACACGGCAGTGGCTACGCCTTATACGGCGGCCGTTCTGGAATACCGTGTATCCATCCACGATTCCGAAGATGCGAAATTCAACGATATTAATATGGCAAATGGGAATGGGTATACGGTGTTCGACGCTCAGCACCCGTATAAGGCGAACGTCGCGGTAAAGCGTGAACTACATACTCCCGAGAGTGATAGGAGTTGCATCCACTTAGAATTTGATATAGCGGGCTCCGGACTTACATACGAAACAGGGGACCACGTTGGTGTGTTATGCGATAACTTATCAGAGACTGTAGATGAAGCGCTGCGTTTACTTGACATGTCCCCGGACACATACTTCTCTTTGCACGCCGAGAAAGAGGACGGGACTCCTATATCATCCAGCTTACCGCCCCCGTTCCCTCCCTGTAATCTGAGAACTGCGCTTACTCGTTACGCGTGTCTATTATCCTCACCTAAAAAGTCCGCGCTGGTCGCCTTAGCTGCTCATGCGTCAGACCCGACAGAGGCTGAACGTCTAAAACACCTGGCCTCACCaGCGGGTAAAGACGAGTACTCTAAGTGGGTGGTAGAAAGCCAACGTTCTCTGCTAGAAGTAATGGCGGAGTTCCCATCAGCCAAACCACCGCTAGGTGTATTTTTCGCAGGGGTCGCCCCAAGACTGCAGCCTCGTTTCTACTCCATATCTAGCTCCCCTAAGATCGCGGAAACAAGGATACATGTTACATGTGCACTAGTATACGAAAAGATGCCTACGGGTAGGATACATAAGGGGGTCTGCTCTACATGGATGAAAAACGCGGTCCCATATGAGAAGTCTGAAAATTGCTCAAGCGCACCAATCTTTGTGCGTCAATCCAATTTTAAATTACCCTCAGACAGTAAAGTACCTATTATTATGATAGGTCCAGGCACCGGACTGGCTCCATTCAGAGGCTTTTTACAGGAGAGGTTAGCCCTTGTAGAGTCTGGCGTCGAACTGGGACCAAGTGTCCTGTTCTTCGGCTGCAGAAATAGACGTATGGATTTTATATATGAAGAGGAGTTGCAAAGATTCGTAGAGAGCGGGGCTCTAGCTGAACTATCCGTTGCATTCTCACGTGAAGGCCCAACGAAAGAATACGTGCAGCACAAGATGATGGATAAAGCAAGTGACATATGGAATATGATATCCCAGGGTGCTTATTTGTACGTATGCGGGGATGCAAAGGGTATGGCCCGTGATGTACATAGGTCCCTGCACACGATTGCACAAGAGCAAGGTAGTATGGATTCCACTAAAGCTGAAGGGTTCGTGAAGAACTTACAGACATCAGGACGTTACTTGAGGGACGTCTGGGGCTGAATCCtgagaccGACCtgagacgGCAT,2191,,,3,CDS,
CPR_Bth1_type3,Coding Sequence,Sanguinarine,GCATcgtctcaTCGGggtctcaTATGATGCAATCATCTTCTCCATTTGATAGATTGATGTCTGATCCTTTTGATGTGAAGTTATTGATTCAAAATAGGGAATTACTAATGATATTAACTACCAGCATAGCGGTCCTTATAGGATGCGTATTTGTGTTCGTTTGGAGACGTTCCTCAGGGTCTAAGAGCAGTAAGGTTGAGCCACCGAAGCCCCTGATTGTTAAAGATCTTGAGCCCGAGGTCGATGATGGCAAAAAAAAGGTCAGTATTTTCTTCGGAACACAGACGGGGACGGCTGAAGGTTTCGCAAAAGCGTTAGCCGACGAGGCTAAAGCTCGTTACGACAAGGTCACATTCAAAGTAGTCGATCTGGATGACTACGCGGCTGACGATGACGAGTATGAGGAGAAGTTGAAGAAGGAGAGCCTAGCCATATTTTTTCTTGCCACTTATGGCGATGGGGAGCCGACAGACAATTGTGCCCGTTTTTATAAGTGGTTCACAGAGGAGGGGAAAGAGAAGGGtGCCTGGCTTCAAAACCTACAGTATGGTGTTTTCGGGCTAGGGAACAGGCAATACGAGCATTTCAACAAAATCGCTAAGGTGGTGGACGAACAACTTGCAGAAGAGGGTGCCAAAAGACTAGTGCCGGTCGGTATTGGCGATGATGATCAATGCATAGAAGACGACTTTACCGCGTGGAGAGAGCTGGTCTGGCCGGAATTAGATCAACTTCTGAGAGACGAGGATGACGCTACGAGTGTCACCACCCCCTATACCGCCGCAGTGTTAGAGTATCGTGTGGTTTTCTATGATCCCGAAGATGCACTGGTCCAAGAGAAAAACCAATCCAATGCGAACGGACACACCGTTCATGACGTTAATCACCCTTGCAGAGCAAATGTTGCAGTTAAAAGGGAGCTTCACACTCCCGCTTCTGACAGAAGTTGTATACATCTGGAGTTTGATATAAGTGGGACAGGACTGACATATGAAACTGGTGATCATGTCGGAGTCTTCTGTGAGAACCACATTGAGAATGTTGAGGAGGCCGAGAGGTTATTAGGCTTCGCTCCTGAAACTTATTTCTCTATTCACTCTGAGAAAGAGGATGGGACTCCGGTAGGTGGCACCTCACTTCCCCCTCCCTTTCCGTCTCCCTGCACGCTTAGGAAAGCGTTGACCCAATACGCCGACCTACTGAATTCCCCAAAAAAGGCCGCCCTTTTAGCTTTGGCCGCCCACGCCTCCGACTCTAGCGAGGCAGATCGTCTACGTTTCTTGGCTTCACCAGCGGGTAAGGACGAGTACTCCCAGTGGGTCGTGGCTTCCCAGAGAAGTTTACTAGAAGTAATGGCCGAGTTCCCCTCTGCGAAACCCCCGATAGGCGTCTTTTTTGCTGCGGTAGCGCCCAGACTTCAGCCCAGATATTACAGCATATCTTCCTCCCCAAGGATGGCAAGTACTAGAATACACGTGACATGTGCGTTAGTATATGAGAAAACGCCCACCGGAAGGATACACAAGGGCGTCTGCAGCACTTGGATGAAGAATGCGGTCAGTTTAGAGGAATCCCGTGATTGTAGTTGGGCtCCCGTTTTTGTTAGACAGAGCAACTTTAAACTTCCCGCCGACACGACGACGCCGGTGGTGATGATCGGTCCGGGGACTGGTTTAGCACCTTTTCGTGGATTCCTTCAAGAGCGTTTTGCACTGAAAGAGGCGGGGGCCGAACTAGGACCGGCAATACTTTTCTTCGGCTGCAGGAATCGTCAGATGGATTTCATTTACGAAGACGAACTTAATGGTTTCGTAGAGTCCGGTGCTATTTCTGAACTAGTGCTTGCTTTCTCTAGGGAGGGTCCTAATAAACAATACGTTCAGCATAAGATGATGGAAAGGGCGTCCGATGTGTGGAATATGATAAGTCAAGGAGGCTATCTGTACGTATGTGGCGACGCTAAAGGTATGGCCAGAGATGTACACAGAACCCTGCACACTATTGCTCAAGAGCAGGGTTCAATGGACAGTACGAAGGCGGAATCAGTTGTCAAACATTTACAAATGGAGGGAAGGTACTTGAGGGACGTCTGGGGCTGAATCCtgagaccGACCtgagacgGCAT,2125,,,3,CDS,
CPR_Cch1_type3,Coding Sequence,Sanguinarine,GCATcgtctcaTCGGggtctcaTATGATGGATTCTAATCCGGCCAACTTCTTAGAATCAGTCTTTGGAATATCCGTGGGGTCTTCCTCAGAACCTATACTGTTAATCATCACAACTTCCGTGGCTGTGTTAATCGGGATTGCATTTTTCCTATGGATAAGAAGTTCAGGAAAGGAAAGCACCCTGAAACCGGTAGAAGACTTTAATAAGTCTTCCACTAAGAAAGAAGAAGAGGACGATGTGCTAGACCCCGGGAAGACGAAATTAACTATATTTTTTGGAACCCAAACTGGTACGGCCGAAGGGTTCGCGAAGGCGCTTGCGGAGGAGATTAAAGCGAAGTATGAAAAAGCCGTTGTTAAAGTTGTGGATCTGGATGATTACGCGGCAGAGGATGATCTGTATGAGGAGAAGCTGAAGAAGGAAACGATGGCGTTTTTTATCGTTGCAACGTACGGTGACGGCGAACCAACAGACAACGCGGCGCGTTTTTACAAATGGTTCACACAAGAGCATGAGAGAGGACCGTGGTTACCCCAGCTGACTTACGGAGTATTTGGTCTAGGAAACCGTCAATACGAACACTTCAATAAAATCGCGAAAGTTGTCGACGAGCAACTGAACGAACAGGGGGCCAAGAGACTTGTACCAGTCGGCTTAGGGGACGACGACCAGTGTATAGAGGATGATTTCACGGCCTGGAGAGAGAGCCTGTGGACTGAATTAGATCAGCTGTTGAGGGACGAAGATACGGCCAACACAGTGACCACCCCCTATACAGCGTCAGTACCAGAGTATAGAGTTGTGATTCACGATCCGTCCTTCACCCCTCTGGAGGAGAAGCACTTAAACATGACTAATGGTAACGTAGCTTTTGATATTCATCATCCCTGTCGTGCCAACGTCGCCGTCCAGAAGGAGTTACATAAACCTGACAGCGACAGGTCTTGCATCCACATGGAGTTCGATATAAGTGGCACGGGCTTAACGTACGAAACTGGTGACCATGTTGGTGTCTTCGCTGAGAACTACGATGAGATAGTAGAGGAAGGTGGGAAACTGCTTGGGCAACCTATGGACCTTTTATTTTCCGTCCACACCGACAAAGAAGATGGGACACCGCAGGGTTCAAGTTTGCCACCTCCATTCCCGGGGCCATGCACAGTCCGTACAGCCCTAGCAAGATACGCGGATTTATTAACTCCCCCCCGTAAAGCTGCCCTTGTTGCCCTTGCCGCACATGCCAGTGTCCCAAGCGAAGCTGATAGACTAAAGTTTTTAAGCAGTCCGGCTGGTAAAGACGAATACTCCCAATGGGTAGTCGGATCACAGAGAAGTTTATTAGAGGTCATGGCGGAATTTCCAAGCGCAAAACCGCCCCTGGGCGTGTTTTTTGCCGCAGTAGCTCCAAGATTACAACCACGTTACTATTCCATATCTTCTTCTCCGAAATTTGCACCCTCTAGGATTCATGTCACTTGTGCGCTTGTCTATGGACCTTCACCGACGGGGAGGATTCACAGAGGAGTATGCAGCACCTGGATGAAGAACGCCGTACCACTGGAAAAGAGCCAGGACTGTTCTTGGGCTCCTGTTTTTGTGAGGACATCTAATTTCAAACTTCCCACCGATCCCTCAATCCCAATAATTATGGTAGGACCTGGCACTGGGTTGGCaCCGTTTAGGGGCTTTTTACAGGAGCGTGCAGCACTAAAGGAGGATGGAGTTGAGCTGGGACCCGCGGTGCTATTTTTTGGCTGCCGTAATAGGAGGATGGATTTTATTTATGAGGATGAGCTGAACAATTTCACAGAGCAAGGGGTGGTTTCAGAGCTGATCGTTGCTTTTTCTAGAGAAGGCGAAACGAAAGAGTACGTCCAACACAAAATGACTGAAAGAGCCACTTACATCTGGAGTCTTATAAGTAGTGGGGCGTACTTTTATGTGTGTGGTGACGCGAAAGGGATGGCCCGTGACGTCCATAGAACGCTGCATACAATCGCTCAAGAACAAGGGGGCATGAGCTCATCTGAAGCTGAAGCGACTGTGAAGAAACTACAAATGGACGGCAGATATCTTAGAGATGTATGGGGCTGAATCCtgagaccGACCtgagacgGCAT,2122,,,3,CDS,
CPR_Cch2_type3,Coding Sequence,Sanguinarine,GCATcgtctcaTCGGggtctcaTATGATGGAAAGTAGTTCAATGAAGATCTCATTGGTAGACCTTATGAGCGCGATCTTGAACGGAAAGTTAGATCCATCCTCTGTGAGTGCCGACTCAACCCTAGCCGTTTTGGTAGAGAACCGTGAAGTTTTGATGATCTTAACAACTAGCTTGGCTGTTTTTATAGGCTGCGCTTTTATTTATATTTGGAGAAAAAGCTTCGGACCGAAAAGTTCCAAAATTGTAGAAAACCAAAAAACAGTTATCGTAAAGGAGGAGCCAGAAGTGGAAGTAGATGATGGCAAGAAGAAAGTGACCATTTTCTTTGGAACTCAAACCGGGACGGCCGAAGGGTTTGCGAAAAGCTTAGCAGACGAGGCACGTGCCAGATACGAAAAGGCAGTATTCAAGGTTGTGGATTTGGACGATTATGCCGGAGACGATGATGAATTCGAAGAAAAATTGAAGAAAGAATCCTTAGCATTGTTTTTCCTTGCCACCTATGGTGATGGGGAACCAACGGACAATGCGGCGCGTTTTTTCAAATGGTTTACGGAAGGGAAGGAAAGAGATGAGCCCTGGTTGAAGAACTTACAGTTCGGGGTCTTCGGCCTTGGTAATAGGCAATACGAGCATTTTAATAAGGTTGCAAAGGTGGTCGACGAGATTATTGTTGAACTTGGCGGCAAGCGTCTAGTCCCAGTTGGACTAGGTGACGACGATCAATGTATCGAAGACGATTTTACGGCTTGGCGTGAATTGGTTTGGCCTGAGCTAGATCAACTTCTGAGGGACGAAGATGATGCAACAATAGCAGCTACACCTTATACCGCAGCGATACCAGAGTACAGGGTCGTTTTTCATGACACTGCGGAGGCATCATTACAAGATAAGAACTGGAGTAACGCGAATGGCAATGGCAATGCGGTGCATGATGTGTTGCATCCGTGCAGGTCTAACGTGGCGGTAAGAAGGGAGCTGCACACTCCGGCGTCCGATAGGAGTTGTACGCATCTGGAATTTGATATAAGCGGCACGGGTTTAAGCTATGAAACGGGGGATCATGTGGGTGTATTTTGCGAAAACTTCATCGAGAACGTAGAAGAAGCTGAGAGGCTTCTGGGTTACTCCAGTGATGTCAGTTTCTCTATACATGTTGACAATGAAGACGGTACTCCAATCAGCGGGTCATCCCTGCCGCCTCCGTTCCCGTCCCCGTGTACGCTGAGGACAGCATTACTTAAATACGCCGATTTAATCACTTTTCCCAAGAAaAGCGCACTTCTGGCACTAGCGAGTCATGCTAGTGACCCAACTGAGGCGGACAGACTGAGGTTCCTTGCCTCCCCTGCTGGGAAAGACGAGTATGCTCAATGGGTAGTAGCAAGCCAGAGATCCCTTCTGGAAGTAATGGCCGAATTCCCATCAGCTAAGCCACCTTTGGGCGTCTTCTTTGCAGCGATCGCCCCAAGGTTGCAACCTCGTTATTACAGTATCTCTAGCAGCCCACGTATGGCCCCGTCACGTATACATGTCACATGCGCATTGGTTCATGAAAAGACCCCGGCTGGAAGAATCCATAAGGGTGTGTGTTCAACGTGGATGAAAAACGCAGTCCCGCTTGAGGAATCTCGTGATAGTTCATGGGCaCCAATATTCGTCAGGCAAAGTAACTTCAAATTGCCAGCTGACTCAACGTTACCTATAATTATGATCGGGCCTGGGACGGGGTTGGCCCCGTTTAGAGGCTTTATGCAGGAGAGGCTAGCTCTTAAGGAGTCTGGCGTAAAATTGGGGCCAGCGATATTCTTCTTTGGATGCAGAAATAAGAGAATGGATTATATTTATGAAGAGGAACTTAGCGGGTTCGTCCATGGCGGTGCCATCTCAGAACTTGTCGTCGCGTTCTCTCGTGACGGACCGGCCAAAGAGTACGTCCAGCACAAGATGATTGAGAGAGCTTCAGATATATGGAACATGATTTCTCAAGGTGCATACGTTTACGTTTGTGGGGACGCGAAGGGGATGGCCAAAGATGTTCACAGGACGTTACATACGATAGTTGAAGAaCAAGGATCTTTGGATAGTTCCAAGACAGAATTGCTGGTCAAGAACTTACAGATGGAAGGGAGGTATTTAAGGGATGTCTGGGGCTGAATCCtgagaccGACCtgagacgGCAT,2185,,,3,CDS,
CPR_Gfl1_type3,Coding Sequence,Sanguinarine,GCATcgtctcaTCGGggtctcaTATGATGGAATCTTCCAGCATGAAGATTAGCCTTTTCGACTTGATGTCCGCATTAGTCAACGGAAAACTTGACCCCAGTGACTCTTCAGCTGCGGTTCTGATCGAGAACAGGGAGCTGCTTATGGTGTTGACGACAGCGATTGCGGTATTTATTGGGTGCGGTTTCCTATACGTGTGGCGTAGAAGCCTAAAAAAATCCAGTAAGATTGTGGAAGTGCCTAAGAGTCTTATAGTGAAACAGGAGCCCGAGAGCGAAATCGATGACGGAAAAAAAAAGGTTACAATATTCTTTGGTACGCAGACTGGCACCGCCGAAGGATTCGCTAAAGCGTTGGCGGAAGAGGCTAAGGCAAGGTATGATAAAGCGATATTTAAGGTCGTAGATTTGGACGATTATGCGGCCGATGACGATGAGTTCGAGGAAAAACTAAAAAAAGAATCATTAACTCTGTTCTTCTTGGCAACCTATGGTGACGGTGAGCCCACCGACAATGCAGCGCGTTTCTTTAAATGGTTCACTGAAGGTAAGGATAAGGAGATTGGTCTACAGAATTTGCACTATGGCGTTTTTGGGCTAGGCAACAGACAGTACGAACACTTTAACAAAGTGGCGAAAGTTGTAGACGAAATCCTGTCAGAGCAGGGGGGTAAGAGGATAGTACCCGTCGGCTTGGGAGATGACGATCAATGCATTGAAGACGACTTCACCGCCTGGAGAGAATTACTATGGCCTGAACTAGATCAGCTTTTGCTGGATGAGAATGACGCAACCAGTGTATCAACACCATACACCGCAGCCGTCGCGGAATATAGGGTAGTCTTTCATGACGCTGCAGACGCGTCTTTGCAGGAAAAGAATTGGTCCAACGCTAACGGTCACGCGGTACATGACATACAGCACCCATGTAGGGCCAACGTCGCCGTCAGACGTGAATTACACACCCCAGAATCCGACAGATCATGTATCCATTTGGAATTTGATATAAGTGGTACTGGCCTATCATACGAGACtGGTGATCATGTCGGTGTCTACAGCGAGAATTGCATGGAAATCGTTGAAGAGGCCGAGAGATTGTTGGGTCATTCAAGTGGTACGCTTTTCTCCATCCATGTCGATAAAGAGGACGGTACACCAATTAGCGGTTCAGCGTTGCCTCCGCCATTCCCCTCTCCGTGCACGTTAAGAACTGCATTAACTAGATACGCCGACTTACTGAATTTTCCCAAGAAAGCTGCGCTGCATGCTCTGGCAGCCTACGCGAGTGATCCGAAGGAGGCGGAACGTCTAAGGTTCTTGGCGTCTCCAGCAGGAAAGGATGAATACGCACAGTGGGTTGTGGCCTCCCAAAGAAGCCTTCTAGAAGTCATGGCGGAATTCCCAAGCGCTAAACCTCCGCTGGGTGTGTTTTTCGCCGCCATTGCCCCAAGATTGCAGCCGCGTTATTACAGTATTAGTAGCAGTCACCGTATGTCCCCAAGCAGAATTCACGTCACCTGTGCTCTTGTGTATGAGACtACTCCTGCGGGTAGAGTCCATAAAGGTGTGTGTTCAACGTGGATGAAAAACTCTACCCCATTAGAGGAATCCCATGACTGCTCATGGGCtCCTACATTTGTAAGGCAAAGTAATTTTAAATTACCGGCGGATCCAACAGTCCCGATAATAATGATCGGGCCCGGAACAGGACTAGCGCCTTTCCGTGGCTTTATGCAGGATAGGTTGGCACAGAAAGAGGCAGGCGTAGATCTTGGACCGGCAGTGCTTTTTTTCGGATGCAGGAATAGAAGAATGGACTATATATATGAAGAGGAATTAAATGGTTTCGTTGAAGCTGGTGCCATCAGTGAACTTGTTGTGGCGTTTTCAAGGGAAGGGCCAACCAAAGAGTATGTCCAGCATAAGATGATGGAAAAGGCTTCCGATATTTGGAATATGATTAGCCAGGGAGCTTATTTATACGTTTGTGGTGACGCAAAAGGTATGGCGCGTGATGTACACCGTACCCTACATACGATTGTTCAAGAGCAGGGGTCCCTTGACTCAAGCAAGACGGAGTTGCTGGTCAAGAATCTTCAGATGGACGGGAGATATTTAAGAGATGTATGGGGCTGAATCCtgagaccGACCtgagacgGCAT,2161,,,3,CDS,
CPR_Hca1_type3,Coding Sequence,Sanguinarine,GCATcgtctcaTCGGggtctcaTATGATGGAGAGCAGTAGCGTAAAGTTTAGCCCCTTGGACCTGATGTCCGCCATATTGAATGGCAAGAGTGATCCATTGGATGCTAGTATCCTAATTGAAAACCGTGAAGTCCTTATGATACTGACTACATCCATAGCAGTTCTAATAGGATGTGTAATACTGTTTCTTTGGAAACGTTCCAGTGGCCAAAAATCAAGTAAGAGATTGGAACCACCGAAGCCGTTAATATTTAAAGAACCGGAGCCCGAGGTCGACGACGGCAAAAAAAAGGTCACGATCTTTTTCGGAACGCAGACTGGCACCGCTGAAGGTTTTGCTAAAGCCCTTGCGGAAGAGGCAAAGGCCAGATACGAAAAGGCAATCTTTAAGGTTGTTGATTTGGATGATTACGCCGCAGACGATGATAAGTATGAAGAAAAGATGAGCAAGGAAACCGTAGCCCTGTTCTTTATGGCGACATACGGGGATGGTGAACCAACGGATAACGCAGCGACTTTCTACAAGTGGTTCACGGAGGGGAAAGAAAGAGGCATATGGCTACAGAATCTACAGTACGGGGTTTTTGGCTTGGGCAATAGGCAATATGAACACTTTAATAAGGTGGCCAAAGTTGTAGACGAGATTCTAGCCGAGCAGGGAGGAAAACGTCTAGTATCAGTCGGGCTTGGAGACGATGACCAATGCATAGAAGATGACTTTACTGCGTGGAGAGAATTAGTGTGGCCGGAGCTGGACAAGCTTCTGCTTGACGAGGACGCGGCGACGTCTGTCAGTACGCCGTACACTGCCGCTGTCCCGGAATATCGTATAGTATTTCATGATCCAAGCGATGCCAGCTTACAGGGAAAAAACCGTTCCAACGCCAATGGCCATACCATACCTGATATTCAACACCCCTTCCGTGTAAATGTCGCTGTAAAAAGGGAGCTGCATACGCCCGCCAGCGATCGTAGTTGTACCCATCTTGAGTTTGATATTTCCAATACTGGTCTAACATACGAAACAGGAGATCACGTGGGTGTTTATAGCGAAAACTCCATCGAGTATGTGGAAGAGGCAGAGAGGTTGCTTGGTTATAGCGCTGATACTTTCTTTAGTATCCATGTTGAGGATGAAGACGGAACCCCCCTGGGAGGATCCTCACTAGCCCCACCATTCCCATCTCCCTGTACGCTGAGGACGGCGCTTACAAGATATGCGGACTTACTGAACAGCCCGAAGAAAGCTGCGTTGATGGCCCTTGCCGCCCACGCGTCCGACCCCACGGAGGCCGACAGACTACGTTTTTTGGCAAGTCCTGCCGGGAAGGACGAGTATGCTCAGTGGGTTGTAGCATCCCATCGTTCCTTATTGGAAATAATGGCAGAGTTTCCATCTGCCAAACCACCCTTGGGCGTATTCTTTGCCGCCATCGCCCCCAGGCTTCAACCGAGATTTTATAGCATATCATCTTCTCCGCGTATCGCACCAACCAGGATCCACGTAACGTCCGCTATTGTATACGAAAAAACGCCTTCAGGGAGAATCCACAAGGGAGTATGCAGCACGTGGATGAAGAACTCCGTTCCGCTAGAAGAAAGCCCGGATTGCAGCAGTGCGCCCATATTCGTCAGGCAGAGTAACTTCAAATTACCAACTAACACGAGCCTACCAATCATTATGATTGGCCCTGGCACGGGGTTAGCTCCATTCCGTGGTTTTTTGCAAGAAAGGTTGGCGTTGAAGGAGGCGGGCACAGAGCTTGGGCACGCAATATTGTTCTTTGGCTGCAGGAACCGTAAGATGGACTACATTTATGAGGACGAGCTTAACGGGTTCGTGAAGGGGGGAGCGCTGACAGAGTTAGTAGTTGCCTTTAGCAGGGAGGGACCTACCAAGGAATATGTGCAGCACAAGATGATGGAACGTGCTTCAGATATCTGGAACATGATTTCTCAGGGAGGCTACATCTACGTTTGCGGAGACGCGAAAGGAATGGCTAAAGACGTTCACAGGACTCTTCACACGATAGTCCACGAAAAGGGCAGTTTAGATAATTCTAAGACGGAGATGATGGTAAAGAACCTGCAAATGGACGGTAGGTATCTACGTGACGTATGGGGCTGAATCCtgagaccGACCtgagacgGCAT,2155,,,3,CDS,
CPR_Jdi1_type3,Coding Sequence,Sanguinarine,GCATcgtctcaTCGGggtctcaTATGATGCAAAGCTCCTCAGTCAAGATATCACCCTTAGATCTGATGAGCGCTATACTACAGGGCAATTCTGACCCTTTGGATGTATCCGTCTTGCTGGAAAACAGAGAAGTCCTTATGATCCTTACAACAAGCATAGCTGTGCTTATAGGGTGTGTTTTCGTTTTTGTATGGAGGAGGTCCTCAGGGCAAAAATCTAGTAAATCCATAGAACCCCTAAAGCCCCTGGTTGTGAAAGATTTAGAACCTGAAGTGGATGACGGGAAAAAGAAGGTCAGTATTTTCTTCGGGACTCAAACCGGGACGGCAGAAGGTTTTGCGAAGGCTTTAAGTGACGAAGCAAAAGCACGTTACGACAAAGCAAAGTTTCGTGTTATCGACTTAGATGATTATGCTGCCGACGATGCAGAGTATGAAGAGAAATTTAAGAAGGAGACtGTTGCATTCTTTTTCTTGGCCACATATGGTGACGGCGAGCCTACTGATAATTGTGCTAGGTTTTACAAGTGGTTCACGGAGGAGGGCAAAGATAAAGGGGAATGGCTACAAAACCTACAATTCGGTGTTTTTGGGTTAGGTAACAGGCAGTACGAGCACTTTAATAAAATAGCTAAGGTGGTCGACGAGCAACTGGTTGAGCACGGGGCCAAAAGGCTAGTTCCAGTTGGCATCGGGGATGACGATCAATGCATTGAAGACGACTTTACAGCTTGGAGAGAGCTTGTGTGGCCGGAACTAGACCAGATCCTGCGTGGTGAAGATGATGCTACCAGTGTTTCAACACCATATACGGCTGCAGTCCCAGAGTACAGGGTGGTCTTCTACGATCCCGAGGATGCAGCGCTGCAAGACAAGAATTGGAGTGCAGCGAACGGACATACTGCACACGACATAAACCACCCATGCAGAGCTAATGTTGCGGTTCGTCGTGAGCTTCATACGCCTGCAAGTGACAGAAGCTGTACCCACCTTGAGTTTGACATTTCCGGGACGGCGCTGACCTATGAAACGGGTGATCACGTCGGAGTGTTCTGTGGGAATCATATAGAGGACGTAGAAGCTGCGGAGAGCCTACTAGGTCATGCCCCCGAGACTTTCTTCTCCATACATAGTGAAAACGAGGACGGCACGCCACTAGGGGGTACCAGTCTACCACCACCCTTCCCGAGTCCTTGTAGCTTGAGGACCGCCTTGACACAATATGCCGACTTATTAAATTCTCCGAAAAAAGCCGCGCTGCTTGCTCTTGCGGCTCACGCTTCTGATCCCAGCGAGGCAGAGAGGTTGCGTTTCCTGGCCTCTCCCGCAGGGAAAGATGAGTACAGTCAATGGATTGTCGCATCTCAACGTAGCCTATTAGAAGTCATGGCGGAGTTTCCAAGTGCGAAGCCCCCACTTGGTGTGTTCTTCGCGGCCATTGCGCCAAGGCTACAACCGAGGTACTATTCAATAAGCTCATCCCCTCGTATGGCCCCAAGCAGAATTCATGTTACGTGCGCTTTAGTATATGAGAAGACACCCGGAGGTCGTATACACAAGGGGGTTTGTTCCACTTGGATGAAAAACGCGGTTCCGCTAGAGGAGAGCAGAGATTGCTCCTGGGCACCTATTTTCGTAAGGCTGTCTAATTTCAGACTGCCTGCGGACACGAGTACGCCTATCGTGATGATAGGTCCCGGAACCGGCCTTGCGCCCTTCAGAGGTTTCCTGCAAGAGAGGCTGGCGTTAAAGGAAGCGGGTGCTGAGTTAGGGCCCGCAATTCTTTTCTTCGGCTGCAGAAATCGTCAAATGGATTATATTTACCAAGATGAGCTTAACGGATTCGTGGAGAGTGGCGCTATATCTGAGTTAGTAGTCGCTTTCTCCAGGGAGGGACCAAAGAAAGAGTACGTGCAACACAAGATGATGGAAAGGGCAAGTGATGTCTGGAACATGATTAGTCAAGGTGGTTACCTGTACGTCTGTGGTGACGCCAAAGGCATGGCTAAGGACGTGCATAGAACCTTGCATACAATCGCACAGGAACAAGGCTCCCTAGATTCAACTAAAGCGGAGAGCATGGTTAAAAATTTACAGATGGACGGAAGATACTTGCGTGACGTTTGGGGCTGAATCCtgagaccGACCtgagacgGCAT,2158,,,3,CDS,
CPR_Mca1_type3,Coding Sequence,Sanguinarine,GCATcgtctcaTCGGggtctcaTATGATGCAATCTTCCAGCGTAAAAATTAGTCCCTTCGATCTTATGAGCGCGATGCTAAAAGGGTCCTCTGACCCACTGGATTTGTCTGTATTAGTTGAGAATCGTGAGGTTCTGATGATGTTGACAACCCTGATTGCCGTTTTGATCGGTTGCGTGTTCCTTTTTGTCTGGAGGCGTAGTAGTGGCCAGAAATCCTCCAAAAGTGTGGAGCCGTTGAAGCCTTTAATAGTGAAAGACCTTGAGCCAGAAGTGGATGATGGCAAGAAAAAGGTCACCATTTTTTTTGGCACCCAAACAGGCACTGCTGAAGGGTTTGCAAAAGCATTAGCCGAAGAAGCGAAAGCGAGGTATGAGAAAGCTACGTTCAAGGTCATAGATCTGGACGACTACGGGGCCGACGAGGATGAGTGCGAAGAGAAGTTAAAAAAAGAGACTATTGTGTTCTTTTTCTTAGCCACTTATGGGGACGGCGAGCCTACAGACAATGCAGCCAGGTTCTACAAGTGGTTTACCGACGGAAAAGACAAGGAAAATTGGTTAGATAATCTTCAATTCGGAGTCTTTGGTCTGGGTAACCGTCAATATGAACATTTCAACAAAGTAGCGAAAGTGGTCGATGAAATCCTAGCTGCCCAGGGGGGTAAAAGGCTAGTTCCAGTCGGATTAGGCGACGATGACCAATGTATTGAGGACGATTTTACGGCCTGGCGTGAGCTAGTCTGGCCCGAGTTGGATCAATTGCTGTTAGACGAAGACTACGCCACTTCAGTTCCTACCCCGTATACTGCCGCGGTCCCAGAATATAGGGTAGTATTCCACGACCATGCGAATGGCCTAGTAGGAAATATGAACTTAAGCTCCGCAAACGGACATACCGTGCACGATATCCAGCATCCCTGTAGAGCTAATGTAGCTATGAGAAAGGAATTACACACCCCGGCGTCCGACAGATCTTGCATACACTTGGAATTTGATATTAGCGGTACCGGACTGGTCTACGAAACCGGtGACCATGTCGGCGTGTACTGCGACAATAGTATCGAGAATGTTGAGGAGGCAGAAAGGCTGCTTGGATATTCTCCCGATACTTTTTTTTCCATACACACAGATAATGAGGACGGGACCCCGTTGAGCGGCAGCTCACTGCCGCCTCCCTTTCCGAGTCCGTGCACCCTAAGAACAGCGCTTACCCGTTATGCGGACTTGCTTAACTTTCCCAAGAAGGCCGCCCTTCTGGCGTTGGCCGCCCATGCCTCCGACAGTAGCGAGGCCGACCGTCTTAGGTTCCTGGCATCAGCCGCCGGGAAAGATGAGTATGCTCAATGGGTTGTTGCGAGTCAGAGAAGTTTACTAGAGGTCATGGCAGCGTTTCCATCAGCAAAGCCCCCGCTTGGTGTCTTTTTTGGAGCCATAACACCTAGGCTACAACCGAGGTACTACTCTATCAGTTCCTCACCTAGAATTGCAAGCAGTAGAATACACGTTACGTGTGCATTGGTATATGAAAAGACTCCGACTGGCCGTATCCACAAAGGGGTCTGTTCAACATGGATGAAAAACGCAGTTCCGTTAGACGAAAGCTCCGATTGCAGCTGGGCACCAATATTCGTGCGTCAGTCTAACTTTAAATTACCGGCGGACACTTGCCTGCCAGTCATCATGATTGGTCCTGGAACTGGCTTAGCTCCCTTTAGAGGATTTCTACAGGAAAGATTGGCATTAAAGGAAGCGGGAGCCAATCTAGGGCCGGCCATACTTTTCTTTGGGTGCAGGAACCGTAGAATGGACTATATTTATGAAGATGAATTGAATGGATTTGTGAAGGCCGGCGCTCTGAGCGAGTTGGTCGTCGCTTTCTCCCGTGAAGGACCTACTAAGGAATATGTACAGCACAAGATGATGGAGAGAGCCAGTGATATATGGACTATGATTTCACAAGGCGGCTATTTATACGTCTGCGGGGACGCTAAGGGGATGGCCAAGGACGTTCACCGTACCCTTCACACTATCGTGCAGGAACAAGGCAGTCTAGATTCTAGTAAAACCGAATCTATGGTAAAAAATCTACAGATGGACGGCAGGTACTTGCGTGATGTCTGGGGCTGAATCCtgagaccGACCtgagacgGCAT,2155,,,3,CDS,
CPR_Ndo1_type3,Coding Sequence,Sanguinarine,GCATcgtctcaTCGGggtctcaTATGATGCAAGAAGCGTCCAGCGTCAAGATTAGCCCCTTCGACTTGATGTCCGCCATCTTGCAAGGAAAATCCGACCCCCTGGATGTCACTGTATTGATCGAGAACCGTGAGGTCTTGATGATCCTTACGACTAGCATTGCGGTATTGATAGGGTGCGTGGTTCTGTTCGTCTGGCGTAGATCCTCAGGGAGTAAGAGCAGCAAGAGCGTCGAAACTATCAGGCCACTTGTCCCGAAGGAACCGGAACCTGAGGCTGATGATGGCAAGAAGAAAGTGAGTATCTTCTTCGGGACACAGACTGGAACGGCGGAGGGATTCGCGAAGGCTTTAGCCGATGAAGCCAAAGCTAGATATGACAAAGTGGCATTTAAGGTGATTGATCTGGACGACTACGCTGCTGATGACGCTGAGTACGAAGAAAAATTCAAGAAAGAATCTGTAGCTATATTCTTCCTGGCGACATATGGTGACGGGGAACCTACCGACAACTGTGCAAGGTTTTACAAGTGGTTCACAGAGGAAGGAAAAGAGAAGGGCGCGTGGTTACAGAATCTGCAGTTTGGGGTTTTCGGACTTGGAAATAGGCAATACGAACATTTCAACAAGATAGCGAAGGTTGTCGATGAGCAGTTAGCGGAACAAGGGGCAAAACGTCTAGTACCTGTCGGCATCGGTGATGATGATCAGTGTATCGAGGACGACTTTACCGCCTGGAGAGAGCTTGTGTGGCCTGAGCTAGATCAATTATTGCGTGACGAAGACGATACAACTACGGTGAGCACTCCGTATACGGCAGCAGTCCTAGAATATCGTGTAGTATTCTACGACCCTGAAGATGCCCTTCAGCAAGTGAAAAACTGGTCTAATGCCAACGGGCACGCAGTGCACGATATTAATCATCCATGCCGTGCAAATGTTGCTGTGAAGCGTGAGCTGCACACTCCAGCTAGCGACAGGTCATGTACTCATCTAGAGTTCGACATTAGCCATACTGGATTAACGTACGAAACGGGGGATCATGTGGGCGTCTTCTGCGAGAATCTTATTGAGGACGTGGAAGAGGCTGAGAGGATACTTGGCTTAGCGCCGGACACCTTTTTCAGCATACACACTGAAAATGAAGACGGCACCCCTGTAGGGAAGACTTCTTTGCCACCTCCATTCCCCTCCCCCTGCACTCTTCGTGCTGCCCTTACGAGGTACGCAGATTTTCTAAACTCCCCAAAAAAGGCAGCaCTTCTTGCTTTAGCGGCGCACGCATCAGACCCAAGCGAAGCCGATAGGCTAAGGTTTCTGGCATCACCGGCTGGGAAGGAGGAATACGCTCAGTGGATTGTCGCGTCACAACGTTCACTTTTAGAGGTTATGGCTGCTTTCCCCAGCGTGAAGCCCCCCTTAGGCGTCTTCTTTGCAGCTATTGCACCCAGGTTACAACCCCGTTACTACTCTATCTCATCAAGTCCGAGAATGGCtCCGAGTAGAATACACGTCACTTGCGCGCTTGTATATGAAAAAACTCCGACGGGTAGGATACATAAAGGTGTGTGTAGTACGTGGATGAAGAACGCTGTGCCACTAGAAGAGAGCAGGGACTGTTCCTGGGCTCCTATTTTCGTCAGACAGAGCAACTTCAAACTTCCTATGGATACAACAACCCCGGTCATAATGATAGGCCCAGGGACCGGGCTGGCACCCTTTCGTGGGTTCCTTCAGGAGAGGCTGGCCCTTAAGCAAGCAGGCGCTGAGCTGGGCCCTGCAATATTGTTTTTTGGGTGCAGGAATAGGCGTACTGATTTCATTTACGAGGACGAACTTAATGGTTTCGTAGAGTCTGGTGCTCTTAGTGAGCTGATTGTTGCATTCTCCAGGGAGGGGCCAAATAAAGAATACGTACAACATAAAATGATGACGAGGGCGAGCGATGTATGGAACATGATCTCCCAGGGCGGCTACCTGTATGTATGTGGAGATGCTAAGGGCATGGCGAAAGACGTGCACCGTACGTTGCATACGATAGCTCAAGAACAAGGTAGTCTTGATAGTACCAAGGCGGAAGCGATGGTGAAAAATCTACAGACGGATGGGAGGTATCTGCGTGATGTTTGGGGCTGAATCCtgagaccGACCtgagacgGCAT,2161,,,3,CDS,
CPR_Nsa1_type3,Coding Sequence,Sanguinarine,GCATcgtctcaTCGGggtctcaTATGATGGCAAGTAATCTTGTAAATTCTTTAGAGTCCGCGCTTGGAATTTCTTTGGGCTCAGAGAGCACCGACCCGCAGACCATTTTGGTCGTATTAACAACCTCTGTAGCGGTCGTGATTGGACTGGTCGTTTTCTTCTGGAAAAGAAGTTCCCAGGATAGATCCAGTAAGCCGATCCAAAGCTTAAAACCCATAAGTTTTAAAGCCGAGGAAGAGGATGAAATCGAACCTGGCAAGACTAAAGTAACAATTTTCTTCGGTACTCAAACAGGGACTGCCGAGGGATTTGCCAAGGCCTTAAGCGAGGAAATAAAGGCGAGGTACGAAAAGGCTGCAGTCAAGGTTGTCGATCTGGACGACTACGCGGCAGAAGACGATCAATATGAAGAGAAACTTAAGAAAGAAACATTGAGCTTCTTCATGTTAGCCACCTATGGCGACGGGGAGCCGACGGACAACGCTGCCCGTTTTTATAAATGGTTCACTCAGGAGCATGAGAGAGGTGCATGGTTGCAACATATGTCTTATGCTGTGTTTGGACTAGGAAACAGACAGTACGAGCACTTCAATAAAATCGCAAAAGTCGTCGACGAACAACTTATTGAGCAGGGTGCGAAGAGGCTGGCGGAAGTAGGCTTAGGTGACGATGACCAGTGCATTGAGGATGACTTCACCGCATGGCGTGAAAGCCTATGGCCTGAATTGGACCAGTTATTAAGAGATGAGGACGATATCAATACCGTCACCACTCCCTATACAGCAGCGGTGCCAGAGTATAGGGTTATGATACATGACCCCACAGTGACTAGCTGGGAAGATAAGTACCTGTCCATGTCAAATGGCAATGGTTATGCTAACGGCCATTCCGCATTCGATATCCACCACCCTTGTCGTGCTAACGTTGCGGTCACGAAGGAACTTCACAAACCAGATTCCGATAGATCTTGCATCCATCTGGAATTTGATATAAGTGGGACCGGACTTATCTACGAGACtGGAGATCATGTAGGTGTTTACGCGGAGAACTGCGATGAGACAGTAGAGGAGGCTGGCAAACTGCTTGGCCAGTCCCTAGACCTGTTGTTCTCACTTCATACCGATAAAGAGGATGGCACCCCTCAAGGATCCTCCCTGCCGCCCCCGTTCCCAGGACCATGTACGCTTAGGGTCGCTCTTGCTCGTTACGCTGATTTGCTGAATCCTCCCAAGAAAGCCGCGCTGACCGCATTGGCTGCCCACGCATCTGAACCCAGTGAGGCTGACAAGCTAAAATATTTGTCCTCACCTGAAGGTAAGGACGAGTATTCAAAGTGGATCGTTGGATCTCAAAGGGGACTTTTGGAGGTGATGGCAGAGTTTCCGTCAGCCAAACCTCCAGTCGGAGTATTTTTCGCGGCCATAGCGCCACGTCTACAGCCCAGGTACTACTCAATTTCTTCCAGCCCCAGGTTTTCTCCTTTTAGAATACACGTCACtTGCGCACTTGTGTACGGACCCAGTCCAACTGGCAGAATCCATAAGGGGGTCTGTTCCACTTGGATGAAAAACGCTGTTCCGCTAGAAAAAAATCACGATTCTTCATGGGCtCCCATCTTCGTCAGGACAAGTAACTTTAAACTTCCTGCAGACCCATCTATTCCTATCGTGATGGTGGGCCCTGGGACAGGCCTGGCTCCCTTCAGAGGCTTCCTTCAAGAGAGGATGGCACTTAAGGAGGACGGTGTTCAGCTTGGACCTGCTGTACTATTTTTTGGCTGTAGGAATAGACGTATGGACTTCATATACGAGGACGAACTTAACAGTTTCGTCGAACGTGGAGCCTTAAGCGAATTGGTAATCGCCTTTAGTAGGGAGGGGCAACAAAAAGAGTACGTACAACACAAAATGATGGAAAAAGCCGCGTATATCTGGAGCTTAATAAGTAATGGCGGCTACCTATACGTTTGTGGGGATGCGAAAGGCATGGCCAGAGATGTACACAGGACACTTCACACTATAGTGCAGGAACAAGATCACGTAGACTCAACGAAAGCTGAATCATCAGTGAAGAAGTTGCAGATGGATGGCAGGTACCTTAGGGACGTGTGGGGCTGAATCCtgagaccGACCtgagacgGCAT,2143,,,3,CDS,
CPR_Pso1_type3,Coding Sequence,Sanguinarine,GCATcgtctcaTCGGggtctcaTATGATGGGGAGCAATAATCTTGCTAACTCTATAGAGTCTATGTTGGGTATATCCATCGGCTCTGAGTACATTTCTGACCCGATCTTTATTATGGTAACGACAGTAGCCTCAATGCTAATAGGATTCGGATTCTTCGCCTGCATGAAGTCATCTTCATCACAGTCCAAGCCTATAGAGACGTATAAGCCGATAATAGACAAGGAGGAGGAAGAGATAGAGGTCGATCCTGGAAAGATAAAACTTACTATCTTTTTTGGAACTCAAACGGGGACTGCCGAAGGCTTTGCCAAGGCGCTAGCGGAGGAAATCAAAGCCAAGTATAAGAAGGCGGTTGTCAAAGTAGTTGACCTGGACGATTATGCCGCCGAGGATGATCAATATGAAGAGAAGCTTAAGAAGGAGAGTCTAGTCTTCTTTATGGTTGCAACCTACGGCGACGGAGAGCCTACCGACAACGCCGCAAGATTCTATAAGTGGTTCACTCAAGAACACGAAAGGGGGGAGTGGCTTCAGCAATTAACCTATGGAGTTTTTGGCTTAGGCAACCGTCAATACGAGCACTTTAACAAGATAGCCGTCGACGTCGACGAACAGCTAGGGAAGCAGGGGGCCAAGAGGATAGTGCAAGTAGGGTTGGGTGACGACGATCAATGCATTGAGGACGACTTTACGGCATGGCGTGAATTATTGTGGACAGAGCTTGATCAGCTGTTAAAAGATGAAGATGCGGCaCCGTCAGTAGCCACGCCGTACATAGCAACGGTCCCAGAGTATAGGGTTGTAATTCACGAAACAACCGTCGCAGCATTAGACGACAAACATATAAACACGGCTAACGGTGATGTTGCATTCGATATCCTGCACCCTTGTCGTACGATCGTCGCCCAACAAAGGGAGCTACACAAACCTAAGTCAGACAGATCCTGCATCCATCTTGAATTTGACATAAGTGGTAGCAGTCTTACGTATGAAACAGGCGATCACGTAGGAGTTTATGCCGAAAATTGCGACGAGACAGTCGAAGAAGCTGGCAAGTTGCTTGGCCAGCCATTAGATCTTCTGTTCAGCATTCATACAGACAAGGAGGACGGAAGTCCACAAGGGTCTAGTCTACCGCCCCCCTTTCCTGGGCCCTGTACTTTGAGGTCTGCACTGGCCAGGTACGCCGATCTGCTTAATCCGCCCCGTAAAGCGAGCCTGATTGCGCTTAGCGCCCATGCCTCTGTACCCTCTGAGGCTGAAAGGCTAAGGTTCTTAAGCTCACCTTTGGGCAAGAACGAGTACTCTAAATGGGTTGTAGGTTCTCAACGTTCACTTCTAGAAATAATGGCTGAATTTCCCTCTGCAAAACCCCCGCTAGGGGTATTCTTCGCGGCGGTGGCCCCCAGATTACCCCCACGTTACTATTCAATATCTAGTAGTCCGAAGTTTGCTCCCAGTAGAATACACGTGACGTGCGCCCTTGTATATGGACAGTCCCCGACGGGAAGGGTGCATCGTGGTGTATGCAGCACCTGGATGAAGCATGCCGTACCGCAAGATAGTTGGGCTCCTATTTTCGTAAGAACAAGCAATTTCAAGCTGCCGGCCGACCCTAGTACCCCCATAATCATGGTCGGACCGGGGACCGGGCTTGCCCCCTTTAGAGGGTTTTTGCAGGAGAGGATGGCTTTGAAGGAGAACGGTGCGCAATTGGGACCAGCGGTCTTGTTTTTTGGGTGCAGAAACAGGAATATGGACTTTATTTACGAGGACGAACTTAATAATTTCGTCGAGCGTGGAGTCATAAGCGAACTGGTCATTGCCTTCTCTAGGGAGGGTGAGAAAAAGGAGTACGTTCAACACAAGATGATGGAGAAGGCCACTGACGTGTGGAACGTAATATCCGGCGACGGTTACCTTTATGTCTGTGGCGATGCGAAAGGTATGGCCAGAGACGTACATCGTACACTGCACACAATTGCGCAAGAGCAGGGACCGATGGAGTCTAGCGCCGCAGAAGCAGCTGTTAAGAAACTTCAAGTCGAGGAGAGATACTTGAGAGATGTATGGGGCTGAATCCtgagaccGACCtgagacgGCAT,2107,,,3,CDS,
CPR_Rsu12_type3,Coding Sequence,Sanguinarine,GCATcgtctcaTCGGggtctcaTATGATGTCCTCCAACTCCGATTTGGTCAGAAGATTGGAATCTGTTTTGGGTGTTTCTTTCGGTGGTTCTGTTACTGATTCCGTTGTTGTTATTGCTACCACCTCTATTGCTTTGGTTATCGGTGTTTTGGTTTTGTTGTGGAGAAGATCCTCTGACAGATCTAGAGAAGTTAAGCAATTGGCTGTTCCAAAGCCAGTTACTATCGTTGAAGAAGAAGATGAATTCGAAGTTGCTTCTGGTAAGACCAGAGTTTCTATTTTCTACGGTACTCAAACTGGTACTGCTGAAGGTTTTGCTAAGGCTTTGGCTGAAGAAATCAAAGCCAGATACGAAAAAGCTGCCGTTAAGGTTATTGATTTGGATGATTACACAGCCGAAGATGACAAATACGGTGAAAAGTTGAAGAAAGAAACTATGGCCTTCTTCATGTTGGCTACTTATGGTGATGGTGAACCTACTGATAATGCTGCTAGATTTTACAAGTGGTTCACCGAAGGTACTGATAGAGGTGTTTGGTTGGAACATTTGAGATACGGTGTATTCGGTTTGGGTAACAGACAATACGAACACTTCAACAAGATTGCCAAGGTTGTTGATGATTTGTTGGTTGAACAAGGTGCCAAGAGATTGGTTACTGTTGGTTTGGGTGATGATGATCAATGCATCGAAGATGATTTCTCCGCTTGGAAAGAAGCCTTGTGGCCAGAATTGGATCAATTATTGCAAGATGATACCAACACCGTTTCTACTCCATACACTGCTGTTATTCCAGAATACAGAGTTGTTATCCACGATCCATCTGTTACCTCTTATGAAGATCCATACTCTAACATGGCTAACGGTAATGCCTCTTACGATATTCATCATCCATGTAGAGCTAACGTTGCCGTCCAAAAAGAATTGCATAAGCCAGAATCTGACAGAAGTTGCATCCATTTGGAATTCGATATTTTCGCTACTGGTTTGACTTACGAAACCGGTGATCATGTTGGTGTTTACGCTGATAATTGTGATGATACTGTAGAAGAAGCCGCTAAGTTGTTGGGTCAACCATTGGATTTGTTGTTCTCCATTCATACCGATAACAACGACGGTACTTCTTTGGGTTCTTCTTTGCCACCACCATTTCCAGGTCCATGTACTTTGAGAACTGCTTTGGCTAGATATGCCGATTTGTTGAATCCACCAAAAAAGGCTGCTTTGATTGCTTTAGCTGCTCATGCTGATGAACCATCTGAAGCTGAAAGATTGAAGTTCTTGTCATCTCCACAAGGTAAGGACGAATATTCTAAATGGGTTGTCGGTTCCCAAAGATCCTTGGTTGAAGTTATGGCTGAATTTCCATCTGCTAAACCACCATTGGGTGTATTTTTTGCTGCTGTTGTTCCTAGATTGCAACCTAGATATTACTCCATCTCTTCCAGTCCAAGATTTGCTCCACATAGAGTTCATGTTACTTGCGCTTTGGTTTATGGTCCAACTCCAACTGGTAGAATTCACAGAGGTGTATGTTCATTCTGGATGAAGAATGTTGTCCCATTGGAAAAGTCTCAAAACTGTTCTTGGGCCCCAATTTTCATCAGACAATCTAATTTCAAGTTGCCAGCCGATCATTCTGTTCCAATAGTTATGGTTGGTCCAGGTACTGGTTTAGCTCCTTTTAGAGGTTTCTTACAAGAAAGATTGGCCTTGAAAGAAGAAGGTGCTCAAGTTGGTCCTGCTTTGTTGTTTTTTGGTTGCAGAAACAGACAAATGGACTTCATCTACGAAGTCGAATTGAACAACTTTGTCGAACAAGGTGCTTTGTCCGAATTGATCGTTGCTTTTTCAAGAGAAGGTCCATCCAAAGAATACGTCCAACATAAGATGGTTGAAAAGGCAGCTTACATGTGGAACTTGATTTCTCAAGGTGGTTACTTCTACGTTTGTGGTGATGCTAAAGGTATGGCTAGAGATGTTCATAGAACATTGCATACCATCGTCCAACAAGAAGAAAAGGTTGATTCTACCAAGGCCGAATCCATCGTTAAGAAATTGCAAATGGACGGTAGATACTTGAGAGATGTTTGGTAAATCCtgagaccGACCtgagacgGCAT,2122,,,3,CDS,
CPR_Sdi1_type3,Coding Sequence,Sanguinarine,GCATcgtctcaTCGGggtctcaTATGATGGAATCTTCCAGCATGAAGATTAGCCTTTTCGACTTGATGTCCGCATTAGTCAACGGAAAACTTGACCCCAGTGACTCTTCAGCTGCGGTTCTGATCGAGAACAGGGAGCTGCTTATGGTGTTGACGACAGCGATTGCGGTATTTATTGGGTGCGGTTTCCTATACGTGTGGCGTAGAAGCCTAAAAAAATCCAGTAAGATTGTGGAAGTGCCTAAGAGTCTTATAGTGAAACAGGAGCCCGAGAGCGAAATCGATGACGGAAAAAAAAAGGTTACAATATTCTTTGGTACGCAGACTGGCACCGCCGAAGGATTCGCTAAAGCGTTGGCGGAAGAGGCTAAGGCAAGGTATGATAAAGCGATATTTAAGGTCGTAGATTTGGACGATTATGCGGCCGATGACGATGAGTTCGAGGAAAAACTAAAAAAAGAATCATTAACTCTGTTCTTCTTGGCAACCTATGGTGACGGTGAGCCCACCGACAATGCAGCGCGTTTCTTTAAATGGTTCACTGAAGGTAAGGATAAGGAGATTGGTCTACAGAATTTGCACTATGGCGTTTTTGGGCTAGGCAACAGACAGTACGAACACTTTAACAAAGTGGCGAAAGTTGTAGACGAAATCCTGTCAGAGCAGGGGGGTAAGAGGATAGTACCCGTCGGCTTGGGAGATGACGATCAATGCATTGAAGACGACTTCACCGCCTGGAGAGAATTACTATGGCCTGAACTAGATCAGCTTTTGCTGGATGAGAATGACGCAACCAGTGTATCAACACCATACACCGCAGCCGTCGCGGAATATAGGGTAGTCTTTCATGACGCTGCAGACGCGTCTTTGCAGGAAAAGAATTGGTCCAACGCTAACGGTCACGCGGTACATGACATACAGCACCCATGTAGGGCCAACGTCGCCGTCAGACGTGAATTACACACCCCAGAATCCGACAGATCATGTATCCATTTGGAATTTGATATAAGTGGTACTGGCCTATCATACGAGACtGGTGATCATGTCGGTGTCTACAGCGAGAATTGCATGGAAATCGTTGAAGAGGCCGAGAGATTGTTGGGTCATTCAAGTGGTACGCTTTTCTCCATCCATGTCGATAAAGAGGACGGTACACCAATTAGCGGTTCAGCGTTGCCTCCGCCATTCCCCTCTCCGTGCACGTTAAGAACTGCATTAACTAGATACGCCGACTTACTGAATTTTCCCAAGAAAGCTGCGCTGCATGCTCTGGCAGCCTACGCGAGTGATCCGAAGGAGGCGGAACGTCTAAGGTTCTTGGCGTCTCCAGCAGGAAAGGATGAATACGCACAGTGGGTTGTGGCCTCCCAAAGAAGCCTTCTAGAAGTCATGGCGGAATTCCCAAGCGCTAAACCTCCGCTGGGTGTGTTTTTCGCCGCCATTGCCCCAAGATTGCAGCCGCGTTATTACAGTATTAGTAGCAGTCACCGTATGTCCCCAAGCAGAATTCACGTCACCTGTGCTCTTGTGTATGAGACtACTCCTGCGGGTAGAGTCCATAAAGGTGTGTGTTCAACGTGGATGAAAAACTCTACCCCATTAGAGGAATCCCATGACTGCTCATGGGCtCCTACATTTGTAAGGCAAAGTAATTTTAAATTACCGGCGGATCCAACAGTCCCGATAATAATGATCGGGCCCGGAACAGGACTAGCGCCTTTCCGTGGCTTTATGCAGGATAGGTTGGCACAGAAAGAGGCAGGCGTAGATCTTGGACCGGCAGTGCTTTTTTTCGGATGCAGGAATAGAAGAATGGACTATATATATGAAGAGGAATTAAATGGTTTCGTTGAAGCTGGTGCCATCAGTGAACTTGTTGTGGCGTTTTCAAGGGAAGGGCCAACCAAAGAGTATGTCCAGCATAAGATGATGGAAAAGGCTTCCGATATTTGGAATATGATTAGCCAGGGAGCTTATTTATACGTTTGTGGTGACGCAAAAGGTATGGCGCGTGATGTACACCGTACCCTACATACGATTGTTCAAGAGCAGGGGTCCCTTGACTCAAGCAAGACGGAGTTGCTGGTCAAGAATCTTCAGATGGACGGGAGATATTTAAGAGATGTATGGGGCTGAATCCtgagaccGACCtgagacgGCAT,2161,,,3,CDS,
CPR_Sre1_type3,Coding Sequence,Sanguinarine,GCATcgtctcaTCGGggtctcaTATGATGCAATCAGATTCAGTCAAAGTCTCTCCATTTGATTTGGTTTCCGCTGCTATGAATGGCAAGGCAATGGAAAAGTTGAACGCTAGTGAATCTGAAGATCCAACAACATTGCCTGCACTAAAGATGCTAGTTGAAAATAGAGAATTGTTGACACTGTTCACAACTTCCTTCGCAGTTCTTATTGGGTGTCTTGTATTTCTAATGTGGAGACGTTCATCCTCTAAAAAGCTGGTACAAGATCCAGTTCCACAAGTTATCGTTGTAAAGAAGAAAGAGAAGGAGTCAGAGGTTGATGACGGGAAAAAGAAAGTTTCTATTTTCTACGGCACACAAACAGGAACTGCCGAAGGTTTTGCTAAAGCATTAGTCGAGGAAGCAAAAGTGAGATATGAAAAGACCTCTTTCAAGGTTATCGATCTAGATGACTACGCTGCAGATGATGATGAATATGAGGAAAAACTGAAAAAGGAATCCTTAGCCTTCTTCTTCTTGGCCACATACGGTGATGGTGAACCTACTGATAATGCTGCTAACTTCTACAAGTGGTTCACAGAAGGCGACGATAAAGGTGAATGGCTGAAAAAGTTACAATACGGAGTATTTGGTTTAGGTAACAGACAATATGAACATTTCAACAAGATCGCTATTGTAGTTGATGATAAACTTACTGAAATGGGAGCCAAAAGATTAGTACCAGTAGGATTAGGGGATGATGATCAGTGTATAGAAGATGACTTCACCGCCTGGAAGGAATTGGTATGGCCAGAATTGGATCAACTTTTAAGGGACGAAGATGATACTTCTGTGACTACCCCATACACTGCAGCCGTATTGGAGTACAGAGTGGTTTACCATGATAAACCAGCAGACTCATATGCTGAAGATCAAACCCATACAAACGGTCATGTTGTTCATGATGCACAGCATCCTTCAAGATCTAATGTGGCTTTCAAAAAGGAACTACACACCTCTCAATCAGATAGGTCTTGTACTCACTTAGAATTCGATATTTCTCACACAGGACTGTCTTACGAAACTGGCGATCACGTTGGCGTTTATTCCGAGAACTTGTCCGAAGTTGTCGATGAAGCACTAAAACTGTTAGGGTTATCACCAGACACATACTTCTCAGTCCATGCTGATAAGGAGGATGGGACACCTATCGGTGGTGCTTCACTACCACCACCTTTTCCTCCTTGCACATTGAGAGACGCTCTAACCAGATACGCAGATGTCTTATCCTCACCTAAAAAGGTAGCTTTGCTGGCATTGGCTGCTCATGCTAGTGATCCTAGTGAAGCCGATAGGTTAAAGTTCCTGGCTTCACCAGCCGGAAAAGATGAATATGCACAATGGATCGTCGCCAACCAACGTTCTTTGCTAGAAGTGATGCAAAGTTTTCCATCTGCCAAGCCTCCATTAGGTGTGTTCTTCGCAGCAGTAGCTCCACGTTTACAACCAAGATACTACTCTATCAGTTCATCTCCTAAGATGTCTCCTAACAGAATACATGTTACATGTGCTTTGGTGTACGAGACTACTCCAGCAGGCAGAATTCACAGAGGATTGTGTTCAACCTGGATGAAAAATGCTGTCCCTTTAACAGAGTCACCTGATTGCTCTCAAGCATCCATTTTCGTTAGAACATCAAATTTCAGACTTCCAGTGGATCCAAAAGTTCCAGTCATTATGATAGGACCAGGCACTGGTCTTGCCCCATTCAGGGGCTTTCTTCAAGAGAGATTGGCCTTGAAGGAATCTGGTACAGAATTGGGTTCTTCTATCTTTTTCTTTGGTTGCCGTAATAGAAAAGTTGACTTTATCTACGAGGACGAGCTTAACAATTTTGTTGAGACAGGAGCATTGTCAGAATTGATCGTCGCATTTTCAAGAGAAGGGACTGCCAAAGAGTACGTTCAGCACAAGATGAGTCAAAAAGCCTCCGATATATGGAAACTTCTAAGTGAAGGTGCCTATCTTTATGTCTGTGGCGATGCAAAGGGCATGGCCAAGGATGTCCATAGAACTCTGCATACAATTGTTCAGGAACAAGGGAGTCTGGATTCTTCCAAGGCTGAATTGTACGTCAAAAACTTACAGATGTCTGGAAGATACTTAAGAGATGTTTGGTGAATCCtgagaccGACCtgagacgGCAT,2185,,,3,CDS,
CPR_Sre7_type3,Coding Sequence,Sanguinarine,GCATcgtctcaTCGGggtctcaTATGATGCAATCGGAATCCGTTGAAGCATCGACGATTGATTTGATGACTGCTGTTTTGAAGGACACAGTGATCGATACAGCGAACGCATCTGATAACGGAGACTCAAAGATGCCGCCGGCGTTGGCGATGATGTTCGAAATTCGTGATCTGTTGCTGATTTTGACTACGTCAGTTGCTGTTTTGGTCGGATGTTTCGTTGTTTTGGTGTGGAAGAGATCGTCCGGGAAGAAGTCCGGCAAGGAATTGGAGCCGCCGAAGATCGTTGTGCCGAAGAGGCGGCTGGAGCAGGAGGTTGATGATGGTAAGAAGAAGGTTACGATTTTCTTCGGAACACAAACTGGAACGGCTGAAGGTTTCGCTAAGGCACTTTTCGAAGAAGCGAAAGCGCGATATGAAAAGGCAGCGTTTAAAGTGATTGATTTGGATGATTATGCTGCTGATTTGGATGAGTATGCAGAGAAGCTGAAGAAGGAAACATATGCTTTCTTCTTCTTGGCTACATATGGAGATGGTGAGCCAACTGATAATGCTGCCAAATTTTATAAATGGTTTACTGAGGGAGACGAGAAAGGCGTTTGGCTTCAAAAACTTCAATATGGAGTATTTGGTCTTGGCAACAGACAATATGAACATTTCAACAAGATTGGAATAGTGGTTGATGATGGTCTCACCGAGCAGGGTGCAAAACGCATTGTTCCCGTTGGTCTTGGAGACGACGATCAATCAATTGAAGACGATTTTTCGGCATGGAAAGAGTTAGTGTGGCCCGAATTGGATCTATTGCTTCGCGATGAAGATGACAAAGCTGCTGCAACTCCTTACACAGCTGCAATCCCTGAATACCGCGTCGTATTTCATGACAAACCCGATGCGTTTTCTGATGATCATACTCAAACCAATGGTCATGCTGTTCATGATGCTCAACATCCATGCAGATCCAATGTGGCTGTTAAAAAAGAGCTTCATACTCCTGAATCCGATCGTTCATGCACACATCTTGAATTTGACATTTCTCACACTGGATTATCTTATGAAACTGGGGATCATGTTGGTGTATACTGTGAAAACCTAATTGAAGTAGTGGAAGAAGCTGGGAAATTGTTAGGATTATCAACAGATACTTATTTCTCGTTACATATTGATAACGAAGATGGTTCACCACTTGGTGGACCTTCATTACAACCTCCTTTTCCTCCTTGTACTTTAAGAAAAGCATTGACTAATTATGCAGATCTGTTAAGCTCTCCCAAAAAGTCAACTTTGCTTGCTCTAGCTGCTCATGCTTCCGATCCCACTGAAGCTGATCGTTTAAGATTTCTTGCATCTCGCGAGGGCAAGGATGAATATGCTGAATGGGTTGTTGCAAACCAAAGAAGTCTTCTTGAAGTCATGGAAGCTTTCCCGTCAGCTAGACCGCCACTTGGTGTTTTCTTTGCAGCGGTTGCACCGCGTTTACAGCCTCGTTACTACTCTATTTCTTCCTCCCCAAAGATGGAACCAAACAGGATTCATGTTACTTGCGCGTTGGTTTATGAAAAAACTCCCGCAGGTCGTATCCACAAAGGAATCTGCTCAACCTGGATGAAGAACGCTGTACCTTTGACCGAAAGTCAAGATTGCAGTTGGGCACCGATTTTTGTTAGAACATCAAACTTCAGACTTCCAATTGACCCGAAAGTCCCGGTTATCATGATTGGTCCTGGAACCGGGTTGGCTCCATTTAGGGGTTTTCTTCAAGAAAGATTGGCTCTTAAAGAATCCGGAACCGAACTCGGGTCATCTATTTTATTCTTCGGTTGTAGAAACCGCAAAGTGGATTACATATATGAGAATGAACTCAACAACTTTGTTGAAAATGGTGCGCTTTCTGAGCTTGATGTTGCTTTCTCCCGCGATGGCCCGACGAAAGAATACGTGCAACATAAAATGACCCAAAAGGCTTCTGAAATATGGAATATGCTTTCTGAGGGAGCATATTTATATGTATGTGGTGATGCTAAAGGCATGGCTAAAGATGTACACCGTACACTTCACACCATTGTGCAAGAACAGGGAAGTTTGGACTCGTCTAAAGCGGAGTTGTATGTGAAGAATCTACAAATGTCAGGAAGATACCTCCGTGATGTTTGGTAAATCCtgagaccGACCtgagacgGCAT,2182,,,3,CDS,
CPR_Sre8_type3,Coding Sequence,Sanguinarine,GCATcgtctcaTCGGggtctcaTATGATGCAATCTAACTCCGTGAAGATTTCGCCGCTTGATCTGGTAACTGCGCTGTTTAGCGGCAAGGTTTTGGACACATCGAACGCATCGGAATCGGGAGAATCTGCTATGCTGCCGACTATAGCGATGATTATGGAGAATCGTGAGCTGTTGATGATACTCACAACGTCGGTTGCTGTATTGATCGGATGCGTTGTCGTTTTGGTGTGGCGGAGATCGTCTACGAAGAAGTCGGCGTTGGAGCCACCGGTGATTGTGGTTCCGAAGAGAGTGCAAGAGGAGGAAGTTGATGATGGTAAGAAGAAAGTTACGGTTTTCTTCGGCACCCAAACTGGAACAGCTGAAGGCTTCGCTAAGGCACTTGTTGAGGAAGCTAAAGCTCGATATGAAAAGGCTGTCTTTAAAGTAATTGATTTGGATGATTATGCTGCTGATGACGATGAGTATGAGGAGAAACTAAAGAAAGAATCTTTGGCCTTTTTCTTTTTGGCTACGTATGGAGATGGTGAGCCAACAGATAATGCTGCCAGATTTTATAAATGGTTTACTGAGGGAGATGCGAAAGGAGAATGGCTTAATAAGCTTCAATATGGAGTATTTGGTTTGGGTAACAGACAATATGAACATTTTAACAAGATCGCAAAAGTGGTTGATGATGGTCTTGTAGAACAGGGTGCAAAGCGTCTTGTTCCTGTTGGACTTGGAGATGATGATCAATGTATTGAAGATGACTTCACCGCATGGAAAGAGTTAGTATGGCCGGAGTTGGATCAATTACTTCGTGATGAGGATGACACAACTGTTGCTACTCCATACACAGCTGCTGTTGCAGAATATCGCGTTGTTTTTCATGAAAAACCAGACGCGCTTTCTGAAGATTATAGTTATACAAATGGCCATGCTGTTCATGATGCTCAACATCCATGCAGATCCAACGTGGCTGTCAAAAAGGAACTTCATAGTCCTGAATCTGACCGGTCTTGCACTCATCTTGAATTTGACATCTCGAACACCGGACTATCATATGAAACTGGGGACCATGTTGGAGTTTACTGTGAAAACTTGAGTGAAGTTGTGAATGATGCTGAAAGATTAGTAGGATTACCACCAGACACTTACTCCTCCATCCACACTGATAGTGAAGACGGGTCGCCACTTGGCGGAGCCTCATTGCCGCCTCCTTTCCCGCCATGCACTTTAAGGAAAGCATTGACGTGTTATGCTGATGTTTTGAGTTCTCCCAAGAAGTCGGCTTTGCTTGCACTAGCTGCTCATGCCACCGATCCCAGTGAAGCTGATAGATTGAAATTTCTTGCATCCCCCGCCGGAAAGGATGAATATTCTCAATGGATAGTTGCAAGCCAAAGAAGTCTCCTTGAAGTCATGGAAGCATTCCCGTCAGCTAAGCCTTCACTTGGTGTTTTCTTTGCATCTGTTGCCCCGCGCTTACAACCAAGATACTACTCTATTTCTTCCTCACCCAAGATGGCACCGGATAGGATTCATGTTACATGTGCATTAGTCTATGAGAAAACACCTGCAGGCCGCATCCACAAAGGAGTTTGTTCAACTTGGATGAAGAACGCAGTGCCTATGACCGAGAGTCAAGATTGCAGTTGGGCCCCAATATACGTCCGAACATCCAATTTCAGACTACCATCTGACCCTAAGGTCCCGGTTATCATGATTGGACCTGGCACTGGTTTGGCTCCTTTTAGAGGTTTCCTTCAAGAGCGGTTAGCTTTAAAGGAAGCCGGAACTGACCTCGGTTTATCCATTTTATTCTTCGGATGTAGGAATCGCAAAGTGGATTTCATATATGAAAACGAGCTTAACAACTTTGTGGAGACTGGTGCTCTTTCTGAGCTTATTGTTGCTTTCTCCCGTGAAGGCCCGACTAAGGAATATGTGCAACACAAGATGAGTGAGAAGGCTTCGGATATCTGGAACTTGCTTTCTGAAGGAGCATATTTATACGTATGTGGTGATGCCAAAGGCATGGCCAAAGATGTACATCGAACCCTCCACACAATTGTGCAAGAACAGGGATCTCTTGACTCGTCAAAGGCAGAACTCTACGTGAAGAATCTACAAATGTCAGGAAGATACCTCCGTGACGTTTGGTAAATCCtgagaccGACCtgagacgGCAT,2176,,,3,CDS,
CPR_Tco1_type3,Coding Sequence,Sanguinarine,GCATcgtctcaTCGGggtctcaTATGATGCAGACTTCCGAAGTCAAAATATCCCCTTTTGACCTGATGTCTGCTATCCTAAAAGGTTCCGTGGATCCTCTAGATTCCTCTGTGTTAGTAGAAAACAGAGGCGTGTTGATGATGTTGACAACATCAATCGCTGTTCTTATTGGATGCGTTTTTATTTTTGTGTGGAGGAGGAGCAGTGGGCAAAAAACTACGAAATCTGTGGAACCACCAAAACCTCTGATCGTTAAGGATGTTGAACCCGATGTGGACGATGGTAAAAAAAAAGTAACAATACTGTTTGGAACTCAGACGGGGACGGCGGAGGGTTTTGCGAAAGCGTTAGCCGAGGAAGCTAAAGCCCGTTACGACAAAGCTACGTTTAAGGTAATAGACCTTGATGATTACGGGGCAGACGATGATGACTACGAGGAGAAACTGAAAAAGGAGACAATAGTTTTTTTcTTTCTTGCAACATACGGTGACGGTGAACCGACTGATAATGCGGCCAGGTTTTACAAGTGGTTCACTGAGGGCAAAGAAAGGGGTATTTGGCTGGACAAGGTACAGTTCGGAGTGTTCGGTCTAGGCAACAGACAGTACGAGCACTTTAATAAGGTGGCAAAGGTCGTCGATGAGATTCTAGCCGACCAGGGTGGGAAGAGGTTAGTTCCGGTTGGCCTTGGCGACGATGATCAATGTATAGAAGACGACTTTACAGCTTGGCGTGAACTAGTATGGCCGGAATTAGATCAGCTTCTACAGGATGAGGATGGAATCGCACATGTATCCACTCCGTACACCGCCGTTGTGCCCGAGTACAGGGTCGTGTTTCACGAAATAAGTAACGGACAGGTATACAACAAAGATCTTTCCAGTGCAAATGGTCATGCAGTTCACGACATTCAACATCCCTGTAGAGCGAACGTCGCCGTACGTAGAGAACTACACACACCGGCATCTGACAGATCCTGTACACACCTAGAGTTCGATATAAGCGGGACAGGACTTGTCTACGAAACCGGGGATCACGTAGGTGTATACTGCGAGAACTGCATAGAGGTAGTTGAGGAGGCCGAAAGGCTTTTAGGATATAGCGCCGACACCTTCTTCTCTATCCACGCGGATAACGAAGATGGTACGCCTCTATCTGGTTCTTCACTGCCTCCACCCTTCCCGTCCCCTTGCACACTGAGGATGGCCCTTACGAGATACGCAGATCTATTGAATTTCCCTAAGAAAGCCGCATTGTTAGCATTAGCCGCGCATGCCTCTGACTCTTCAGAAGCGGACCGTTTGAAGTTCTTGGCATCACCaGCCGGGAAGGACGAATACGCACAATGGGTGGTTGCGTCTCAGAGAAGCCTTTTAGAAGTTATGGCAGAGTTTCCTAGTGTAAAACCGCCCCTAGGGGTGTTCTTCGCCGCGATCGCACCGCGTCTACAGCCTAGATACTATTCAATTAGTAGCAGCCCAAGAATGGCACCGAGTAGGATTCACGTTACATGTGCATTGGTGTATGAGAAAACGCCGGCGGGAAGAATTCACAAGGGCGTCTGTTCAACTTGGATGAAGAACGCCGTCTCCCTTGAAGAATCTACGGACTGCTCCTGGGCTCCGATTTATGTACGTCAATCTAACTTTAAACTACCTGCGGATACTAGTGTTCCAGTCATCATGATAGGGCCTGGGACCGGCCTTGCACCCTTTAGAGGCTTCTTACAGGAGAGGTTAGCCCTAAAAGAAGCGGGGGCAAATTTGGGTCCTGCCATCTTGTTCTTCGGCTGTAGAAACAGGAGGATGGATTATATCTATGAGGATGAGTTGAACGGCTTCGTAAAAGCAGGGGCTCTAACCGAACTAATAGTTGCTTTCTCTCGTGAGGGGCCGACGAAGGAGTATGTTCAGCATAAGATGACCGAGAGAGCGTCCGACATCTGGTCCATGATATCTAAGGGTGCATATCTTTATGTCTGTGGTGATGCAAAAGGAATGGCGAAGGACGTCCACCGTACTCTGCATACTATTGTGCAGGAACAGGGGTCaCTAGATTCCTCAAAAGCCGAATCAATGGTGAAGTCCCTACAGATGGACGGACGTTACCTTAGAGACGTATGGGGCTGAATCCtgagaccGACCtgagacgGCAT,2155,,,3,CDS,
CPR_Pk_type3,Coding Sequence,Sanguinarine,GCATcgtctcaTCGGggtctcaTATGATGCAATCCACGCCGGAAAAATTATCTCCATTAGACCTTATGACTGCCATATTGAAAGGGGTCAATCTGGACACCTTGAATATAAGCTCCGAGTCAGCCCCGGCTCCGGTGGTTGCGATGTTATTAGAATACCGTGAGCTTCTGATGATGGTGACTACGTCAATCGCAGTACTGATTGGGTGCGCCGTCTTCTTAGCGTTGCGTGGTGGTAAGAAAAAGAAAAAGGCAGTAGAACCCCCGAAATTGGTGGTACCCAAGGGACCTGTGGAGCCTGAGGAAGTTGATGACGGGAAGAAAAAAGTGACCATCTTTTTCGGAACGCAGACCGGCACGGCAGAAGGTTTTGCGAAGGCCCTGGCGGAAGAGGCTAAGGCGCGTTATCAACAGGCGAAATTCAAAGTAGTGGACTTAGATGATTATGCCGCGGACGATGAGGAATACGAGGAGAAAATGAAAAAGGAAACCTTGGCCTTTTTCTTCCTGGCGACCTACGGAGACGGTGAGCCAACGGATAATGCCGCCAGATTCTATAAGTGGTTCACTGAGGGAAAGGAGAAAGGGGACTGGCTTAAAAATCTGCAATATGGCATTTTCGGGCTGGGGAATAGGCAGTACGAGCACTTTAATAAGATTGCCCTAGTGGTGGATGACATTATCACTGGGCAAGGAGGAAAGAGGTTAGTCCCTGTAGGCCTAGGTGACGACGACCAGTGTATCGAAGATGACTTCACTGCGTGGAGGGAATTAGTGTGGCCAGAGCTTGACAAACTTTTGTTAAACGAGGATGAAGCCTCAGCCGCAACCCCGTACACCGCTGCAGTGCTGGAATACAGAGTAGTGTTCCATGATCAAGTCAACGAGTCCTCTCTAGAAAACGGTTTAGCCAATGGCCACGCGAATGGTCATGCAGTTTATGATGCCCAGCACCCCTGCAGAGCCAATGTGGCAGTGAGGAAAGAGCTGCACGCCCCTGCCAGTGACAGATCATGCACCCACCTAGAGTTCGACATCGCTGCTACAGGGCTTATGTACGAGACTGGTGACCATGTTGGTGTTTACTGCGAAAATCTAATCGAGAACGTTGAGGAGGCTGAGAGGCTTTTGAACATGCCTCCGCAGACGTATTTTTCCATTCATACCGACAAAGAGGATGGAACCCCACTATCAGGATCAAGCCTACAACCACCATTCCCTCCCTGTACATTAAGAACAGCCTTAACAAGATACGCGGACCTACTAAGCGCTCCAAAAAAGAGTACTCTAGTTGCCTTGGCGGCATATGCTAGTGACTTAAATGAAGCTGATAGGCTGAGACATTTGGCATCTCCCGTCGGCAAGGAAGAGTATACTCAATATATACTAACGAATATGAAATCCTTACTGGAAGTCATGGCAGACTTTCCTTCCGCCAAACCGCCTCTTGGGGTATTCTTTGCCGGTGTTGCGCCCAGGCTTCAACCCCGTTTTTGTAGCATCTCCTCTTCACCGAAGATAGCTCCGAACAGAATTCACGTGACTTGCGCGCTTGTTTACGAAAAGACCCCAACGGGCCGTATACATAAAGGAATTTGTAGCACATGGATGAAAAACGCGATCCCAAGTGAAGAGAGTTTGGACTGCTCAAGTGCTCCAATCTTTGTCAGAACGTCAAATTTCAGACTTCCCGCAGACCCGAAGGTACCGATAATAATGATTGGCCCAGGGACTGGTTTGGCACCTTTCAGAGGCTTTTTGCAAGAAAGATTAGCATTGAAAGAAAGTGGAGCTGAATTGGGGCCAGCGGTGCTTTTTTTTGGGTGTAGAAATCGTCAGATGGACTTTATATACGAAGACGAGCTAAATAACTTTGTTAAAGCAGGGGTGATCAGCGAGTTGGTTTTAGCATTCTCCAGGCAAGGACCTACTAAGGAATACGTGCAACATAAAATGGCTCAAAAAGCCAGTGATATATGGAACATGATCTCAGAGGGCGGTTACGTGTACGTGTGTGGTGACGCGAAAGGTATGGCGAGAGATGTACACCGTACACTGCACACCATCGTACAGGAACAGGGGAGCTTAGATAGCTCCAAAACTGAAGCTCTTGTTAAGAACCTACAAATGACAGGAAGGTATTTAAGAGACGTTTGGTAAATCCtgagaccGACCtgagacgGCAT,2185,,,3,CDS,
CPR_Vv_type3,Coding Sequence,Sanguinarine,GCATcgtctcaTCGGggtctcaTATGATGCAATCCTCCTCTGTTAAGGTGAGCCCATTTGACCTAATGAGCGCGATTATTAAGGGTTCCATGGACCAGTCAAACGTTTCCAGTGAAAGCGGAGGTGCCGCAGCAATGGTCCTTGAGAACCGTGAATTTATTATGATCTTAACAACAAGCATTGCCGTTCTGATCGGATGCGTTGTAGTGCTAATATGGAGGCGTTCCGGGCAAAAGCAGAGTAAAACTCCTGAGCCTCCCAAGCCCCTAATCGTTAAAGATCTTGAGGTGGAGGTCGACGATGGTAAACAGAAAGTCACAATCTTTTTTGGTACGCAGACGGGTACCGCAGAGGGATTCGCGAAAGCCTTGGCGGAAGAAGCCAAGGCGAGGTATGAGAAGGCTATATTTAAGGTGGTTGACCTTGATGACTACGCTGGAGATGATGATGAGTATGAAGAGAAATTAAAAAAGGAGACTTTAGCGTTTTTTTTTCTTGCGACGTACGGAGATGGGGAGCCAACCGATAACGCGGCCCGTTTTTACAAATGGTTTGCAGAGGGTAAGGAGAGAGGAGAGTGGCTGCAAAATCTGAAATACGGTGTATTCGGCCTTGGCAATAGACAATACGAACACTTTAACAAAGTAGCAAAGGTGGTGGACGACATTATCACTGAGCAAGGTGGTAAACGTATCGTACCGGTGGGACTGGGCGACGACGATCAGTGCATCGAGGACGACTTTGCCGCATGGAGGGAACTACTGTGGCCTGAACTAGACCAGTTGTTGCGTGATGAGGACGACGCGACCACCGTATCTACTCCCTATACCGCAGCTGTATTGGAATATCGTGTAGTCTTCCATGACCCTGAAGGCGCTAGCTTGCAAGACAAAAGTTGGGGGTCCGCTAATGGCCATACAGTGCACGACGCGCAACACCCGTGCAGGGCCAATGTTGCGGTACGTAAGGAGCTACATACCCCAGCTTCCGACAGGAGTTGTACCCACCTGGAATTCGACATCAGCGGAACTGGCCTGACGTATGAAACAGGAGATCATGTGGGAGTTTACTGTGAGAACCTACCAGAGACAGTTGAAGAGGCCGAAAGACTTCTAGGATTCAGCCCGGATGTATATTTCTCAATACACACCGAGAGGGAAGACGGGACCCCGCTAAGTGGATCTAGTTTGAGCCCGCCTTTTCCACCGTGTACCTTGAGGACCGCGCTAACGAGATATGCTGATGTTTTATCTTCCCCCAAGAAGAGCGCCTTAGTTGCGTTAGCAGCACACGCATCCGACCCATCAGAAGCGGACCGTCTGAAGTACTTAGCGTCCCCAAGTGGGAAAGATGAATATGCACAATGGGTTGTCGCCTCCCAAAGGTCACTACTGGAAATAATGGCGGAATTCCCTTCTGCCAAGCCACCGCTAGGGGTGTTTTTTGCAGCTGTGGCACCGAGATTACAGCCAAGATATTATAGTATATCCTCATCCCCTAAGATGGTGCCCTCCAGAATTCACGTAACATGCGCCCTAGTGTGTGATAAGATGCCCACAGGCAGGATACATAAAGGAATTTGCAGCACTTGGATGAAATATGCGGTGCCTCTGGAGGAGTCCCAAGACTGTAGCTGGGCCCCTATTTTCGTAAGGCAGAGCAACTTCAAGCTTCCTGCTGACACAAGCGTCCCCATTATAATGATCGGACCCGGTACAGGGCTGGCCCCCTTTAGAGGCTTCCTTCAAGAAAGGTTTGCGTTGAAGGAAGCGGGCGCAGAGCTGGGTTCTTCAATACTTTTCTTTGGATGCCGTAATAGAAAGATGGATTACATATATGAGGATGAACTGAATGGCTTTGTCGAGTCAGGCGCATTGAGTGAGCTGATCGTCGCATTCAGTCGTGAAGGTCCCACCAAAGAATATGTTCAGCACAAAATGATGGAAAAGGCTAGTGACATCTGGAATGTTATCTCCCAGGGCGGATACATTTACGTCTGCGGCGACGCCAAAGGAATGGCAAGGGATGTCCACAGAACTCTTCATACAATTCTTCAGGAGCAAGGATCCTTAGATTCTAGCAAGGCGGAAAGCATGGTTAAGAACCTTCAGATGACCGGGAGATACTTGCGTGATGTATGGTAAATCCtgagaccGACCtgagacgGCAT,2170,,,3,CDS,
MSH_Ame1_type3,Coding Sequence,Sanguinarine,GCATcgtctcaTCGGggtctcaTATGATGGATAACTTCTTGTTGCAATTTCAACCTATTTCCATCGCCGCTTTCTTCGTTGCCTTGGTTTTCTTGTATTGGTCCTACGGTAGAAAGTCCAATAAGACCTTGAAGCCAAGAGCTCCAGAGGCTGCTGGTGGTAGACCTATCACTGGTCACTTGCACTTGTTTTACGGTGAAGAATTGACCCACCGTAAGTTGGGTTCTATGGCTGATAAGTACGGTCCAGTTTTCAACATTAGATTCGGTTCCCATAAGACTTTGGTTGTCTCCAATTGGGAGATCGTTAAGGAATGTTTTACTACTAACGATAGATTATTCTCCAACAGACCAGGTACCTTGGCTATTAAGTTAATGTTCTACGACACTGACTCCGTCGGTTACGCTCCATACGGTAACTACTGGAGAGAATTGAGAAAGATCTCTACTTTGAAGTTGTTGTCTAACCATAGAATTGAAACTTTGAAGCACTTAAGAACCTCTGAGGTTGAATCTTGTTTCAAGCAATTGTACAATCAATGGGAGATGAAGAACGAAAACAGAGTCGAAGTCGATAAATTAGGTTTCGCCTCTGTTCGTATGGATAACTGGTTCGGTGATTTGACTTTCAACGTTGTTGCCAGAATTGTTGCCGGTAAAAAGAACTTTGCTGGTGGTGCCGTTAATGGTGATATCGGTGCTCAAAGATACAAGGTCGCTATGGACGAATCCTTCAGATTGATGTTGACTTTCGCCTACTCTGACGTCATTCCATCCTTGAAGTGGTTAGATAAGTTAAGAGGTTTGATCAGAGACATGAAAAGATGTGGTTCCGAAATTGACTCTATCGTTGCTTCTTGGGTCGAAGAACATCGTTTGAAGAGAAACTCCTCTGAAAACAATAACTTGGATTTGGAAGAAGACTTCATTGATGTCTGCTTGGATATTATTGAATCTTCTTCTTTGCCAGGTGATGACCCAGACACTGTCATCAAGTCTACTTGTTTGGATATGATCTTGGGTGGTTCTGACACTACCACTGTTACTTTGACCTGGGCTATTTCTTTGATCTTAAACAACCCACATGTCTTGAAAAGAGCTAAAGAAGAATTGAACTCCGTTGTTGGTAAGGATCGTAGAGTCGAAGATTCTGACATTCCACATTTAACCTACATTCACGCCATTATCAAGGAAACTATGCGTTTATACCCTGCTGGTCCATTAATTGAAAGAAGAACTATGGAAGACTGTGAAGTTGGTGGTTACCACGTTCCAGCTGGTACTAGATTGTTGGTTAATGTTTGGAAAATGCAAAGAGACGGTGATGTTTACAAGGACGACCCTTTGGTTTTCAGACCAGAAAGATTTATGACCTCTAACGCTGATGTTGATTTGAAGGGTCAACACTTCGAATTGATCCCTTTCGGTGCCGGTCGTAGAATTTGCCCAGGTGTTTCTTTCGCTGTTCAATTAATGCACTTAGTTTTGGCTCGTTTGTTGCATGAATTTGAAATCACTACCATCCCTTCCGAACCAAAGGTTGACATGTCTGAATCTGGTGGTTTAATCTGTCATAAAATTAAGCCATTGGAGGTCTTGATCAAACCAAGATTGGAATTAAATTAGATCCtgagaccGACCtgagacgGCAT,1651,,,3,CDS,
MSH_Cch2_type3,Coding Sequence,Sanguinarine,GCATcgtctcaTCGGggtctcaTATGATGACTCCATCTATTTCCCAACCATTCGAATTGTTGTTGTTGTTGATGACTATGGAATCCTTGTTATTGCAATGGCAACCAACTTCTATTGCCGTCTTGTTGTTGGCTATCACTATTTTTTTGTACACTTTCACTAAGTCTCCACCAAAGACCCACAAGAAGTTGGCTCCAGACGCCACTGGTGGTCGTCCATTGATGGGTCACTTGCACTTATTTAACTCCAACGAATTGACCCACAGAACCTTAGGTTCCATGGCCGACAAGTATGGTCCTGCTTTCAACATTCGTTTCGGTTCTCATAAGACTTTGGTTGTCTCCACCTGGGAAATCGTTAAGGAATGTTTTACCACTAATGATAGATCCTTCTCTAACCGTCCAGGTACTTTATATATCAAATTGATGTTCTACAACGAAGACTCTGTCGGTTACGCTCCTTATGGTGCCTATTGGAGAGACTTGAGAAAATTGTCTACTTTGAAGTTGTTGTCCAACCATAGATTGGAATCCTTGAAACATTTAAGAGTCTCTGAAATGAACGAGTGTTTCAAGCAATTGTACGAAATCTGTAATAAAGGTTCTAAGTCTGTTGCTGTTAGAATGGACAACTGGTTTGGTGATTTGACTTTTAACGTTGTTGCTAGAATCGTCGCCGGTAAGAGAAACTTTGCCTCTATTTCCAATGACGTTGGTGCCATGAGATACAAGAACGCTATGGACGAAGCTTTTAGATTAATGACTGTCTTCTCTTTCTCCGACGTTATTCCTTCTTTGGGTTGGTTGGACAACTTGAGAGGTTTAGTTGGTGATATGAAGAAGGCCGGTAAGGAAATCGACTCTGTTGTCTCTGGTTGGATTGAGGAGCACCGTGAAAAGAGAAAGAGAAGATCCTCTGGTGGTAACAATAGAGACGGTGAATTGGAAGAAGAAGACTTCATCGATATCACCTTGTCTATCTTGGAAACTTCTTCTTTGCCAGGTGACGACCCAGATATGACTATTAAGTCCACCTGTTTGGATATGATTTTGGGTGGTTCTGACACTACCACCGTTACTATGACTTGGGCCTTATCCTTGTTATTGAATAACGCTCACGCTTTGAAGAGAGCTAGAGAAGAATTGGATTTACATGTCGGTAGAGACCGTCAAGTTGAAGATTCCGACATCAACAACTTGGTCTACATCCAAGCTATTATTAAAGAAACTATGAGATTATATCCAGCCGGTCCATTGATTGAAAGAATGACTAAAGAAGATTGTGAGGTCGGTGGTTTCCATATCCCAGCCGGTACTAGATTGTTGGTTAATTTGTGGAAGATGCAACGTGATCCTAATGTCTGGGAAGACCCATTAGAATTTCGTCCAGAAAGATTCTTGACCAACAATGCTGAAATCGACTTAAAGGGTCAACATTTCGAATTGATTCCATTTGGTACTGGTCGTAGAATTTGTCCAGGTGTTTCCTTCGCTTTGCAATTAATGCACTTGGCTTTGGCCAGATTGTTACATTCCTTCGAAGTTGCTTCTCCAATGGATGCCAAGATTGATATGACCGAAACTGCTGGTTTGATTTCCCATAAAGTTATTCCATTGGAAGTTTTGATGACCCCAAGATTGGATTCTAAATTGTATGATTACTAGATCCtgagaccGACCtgagacgGCAT,1690,,,3,CDS,
MSH_Gfl2_type3,Coding Sequence,Sanguinarine,GCATcgtctcaTCGGggtctcaTATGATGCACGCTAAGTTGACTTTAATTAAAAAGATGGAATTCACTATTATCAACTCTTTGGAAATCCAACCAATCATCTCTACTTTTGCCTTGTTAACTTTCTCTATCTTATTATACAAGATCTTGTTAAACCACGGTAGAGAAAACAAGAACAACAAGCCAAAGACTTCTTCTTCTTCTTCTTCTATCCCAGAAGTTGCTGGTGCTTGGCCAATCATGGGTCACTTACACTTGTTCAATGGTGACGAATTAATGCACCACAAGTTGGGTTCCATGGCCGAAAAATACGGTCAAGCTTTTTATATTCGTTTCGGTTCTCATAAAGCTGTTGTCGTCTCTAACTGGGAAATGGTTAAGACTTGTTTCACTACTAATAACCAAATCTTTTTAAACCGTCCTCCAATGTTAGCCATTAATTTATTGTTCTTCCCAACCGATTCTTTGTCCTATATTCCATACGGTGACCACTGGCGTGAATTGAGAAAATTCTCTAACCAAAAATTATTGTCTAACCACAGAATTGAAACCCAAAAGAACTTAAGAAAGTTGGAAGTTGACTACTGTTTCAAGCAATTGTGTAACCAATCCTCCAAGTACTTCATCATTAACAACATGGATGATCAAGATTCTAAGTTTGCTTTGGTTAGAATGGACACTTGGTTCGATGATGTTACTTTAAACGTCTTGGCTAGAATTATTGCTGGTAAGAAAAAGTTCATCTCTGGTGGTGCTACTTCCTCCGGTGATGACGATAACGCTGAAGCTAGAAGATACATGGAAGCTTTGGACGAGGGTTTGAGATTGATGACTTCTTTCACCTTTTCTGACGTTTTGCCATGGTTGGGTTGGTTAGACAACTTGAGAGGTTTGGCTGGTAAGATGAAGAGATGTGGTGCTGAATTGGATTCTGTTTTCGCCGGTTGGGTTGAAGAACACAGAGTTAAAAGAGGTTCTAGAAAAGACGGTGACGACGCCGACTTGGAACAAGACTTCATTGATTTGTGTTGGGAATCCTTGGAGCAAGTTCCAGGTAACGATCCAGCTAAGATCATCAAATTGATTTGTATGGAAATGATTTTGAATGGTTCCGGTGCTACCGCTGTTACTTTGACTTGGACCGTTTCCTTATTGTTGAACAACCCAGACGTCTTGAAGAGAGCTAGAGAAGAATTGGATACTCACGTTGGTTCTCATAGACAAGTTGATGAGTCTGACATTCCAAATTTGGTTTATATTCAAGCCATCATTAAGGAAGGTATGAGATTGTACCCACCAGGTCCATTTTTAGAGAGATCCACTACCGAAGATTTCGAAATTGACGGTGTTCACGTCCCAGCTGGTACTAGATTGTGGGTCAATTTGTGGAAGATGCATAGAGACGAATCCATGTACCAAGAACCATTAGAATTCAAGCCAGAAAGATTTTTGAATTCCAATTCCGACGTTGATTTAAAGGGTCAATCCTACCAATTGTTACCATTCGGTGCCGGTCGTAGAATTTGTCCAGGTGTCTCTTTTGCCTTACCATTGATGCACTTGACCTTGGCTAGATTGATTCATGGTTTCGAAATGAAGTTACCAGTTGGTGTTGAAAAAGTCGATATGACTGAAAACGGTGGTATCATCAACAGAAAGGCTACTCATTTGGATGTTTTGTTGAAACCAAGATTGATCGCTCAACAAGCCTAGATCCtgagaccGACCtgagacgGCAT,1738,,,3,CDS,
MSH_Gfl3_type3,Coding Sequence,Sanguinarine,GCATcgtctcaTCGGggtctcaTATGATGGAATTCTTGTCTTTACAATTGCAACCAGTCTCTATTTTTGCTTTATTAGTTGCCTCTATCTTTTTGTACAACTTCTTGATTCACGGTAAGAAGTCTAACAACAAGAAGACTACTAAGCCACCTGCCCCAGAAGCCTCTGGTGGTTGGCCAATTATGGGTCACTTGCATTTGTTCAATGAAAACGAATTAACTCACAGAACTTTAGGTTCTATGGCTGACAAGTACGGTCCAGCTTTTAACATCAGATTCGGTTCTCACCCAACTTTGGTTGTTTCTTCTTGGGATATCGTCAAAGAATGTTTCACCACTAATGATAGATTTTTCTCTAACAGACCAGGTTCCTTGGCCATTAAATTGATGTTCTATGATGCTGATTCTGTTGGTTACGCCCCATATGGTGCTTACTGGAGAGATTTGAGAAAGATCTCTACCTTGAAGTTGTTGTCCAATCATAGATTGGAAACCTTGAAGCACTTGAGAACCTCCGAAGTCGAATCCTGTTTTAAAGAATTGTACAACCAATGGAGAAACAACAAGACTGGTGGTGGTGGTGATGGTTTCGCCCCTGTCAGAATGGATAACTGGTTCGGTGATTTAACCTTCAACGTTGTTGCCAGAATCGTCGCTGGTAAGAAGAACTTCGCTGGTGGTGCTGCTTCCGGTGACGCCGGTGCTCAAAGATACAAGGAAGCCATGGACGAAGCTTTCAGATTGATGACCATTTTCGCCTTCTCTGATGTCGTTCCAGCCTTGGGTTGGTTGGACAAATTGAGAGGTTTGGTCGGTGGTATGAAGAGATGTGGTGCTGAAATTGACTCTATTGTCGCTGGTTGGGTTGACGAACACAGATTGAAGCGTTCCTCTGGTAAGGGTTCTGATGCTGACTTGGAACAAGACTTCATCGATGTCTGTTTGGAAATTATGGAACACTCTACTTTGCCAGGTGACGATCCAGAAGTCGTCATTAAGTCCACTTGTTTGGACATGATCTTGGGTGGTTCCGACACCACTACCGTTACTTTGACTTGGGCTTTGTCTTTATTATTGAATAATCCACATGTCTTGAAGAGAGCTAGAGAAGAATTGGATACTAACGTTGGTAAGGACAGACAAGTTGATGATTCTGACATTCCAAACTTGGTTTACATTCAAGCTATCATCAAAGAAACTATGAGATTGTACCCAGCTGGTCCATTAATTGAAAGAAGAACCTCTGAAGATTGTGAAGTTGGTGGTTTCCACGTTCCAGCCGGTACTAGATTATTGGTTAACTTGTGGAAAATGCAAAGAGACGGTTCCGTTTACAAAGAAGATCCATTGGAATTCTCTCCTGAAAGATTCTTGACTTCTAACGCTGATGTTGATTTAAAGGGTCAAAACTACGAATTGATTCCATTCGGTGCTGGTAGACGTATTTGTCCAGGTGTCTCTTTCGCTGTCCAATTAATGCATTTGGTTTTGGCCCGTTTGATTCACGGTTTCGAAATGAAAACCCCTGAAGGTGGTAAAGTTGATATGACTGAATCCGCTGGTTTAATTTCTCACAAGGTCACTCCATTGGAAGTTTTGTTAAAGCCAAGATTGGCCATTCAACACTCCTAGATCCtgagaccGACCtgagacgGCAT,1657,,,3,CDS,
MSH_Pso_type3,Coding Sequence,Sanguinarine,GCATcgtctcaTCGGggtctcaTATGATGGATCTACTTCTCCAGTACTTGCAACCGATTTCCGTTGCACTTGTTGTGATTGCACTGGTTTGGAACTATGGAAGAAGAAACCCCACCAAAAAACTAGCACCTGAAGCCTCAGGAGGGAGACCTATAATGGGTCACTTGCATCTTTTCAACGACGGTGAGTTAACTCATCGGAAACTCGGTGCAATGGCGGATACTTATGGTCCTGTTTTCAATATCCGATTCGGTTCGCATAAAACACTAGTTGTTAGTGATTGGGAAATTGTTAAAGAATGTTTTACGACGAATGACAAGCTCTTCTCGAATCGGCCGGGTACGTTAGGTATTAAACTCATGTTTTACGACGCCGATTCCGTTGGTTATGCGCCGTATGGTGCTTACTGGAGAGATTTACGAAAGATTTCTACCTTAAAACTTCTCTCGAATCATCGTATCGATACGATAAAACATCTGAGGAGTTCTGAAGTTGAGTCGTGTTTCGAGTCGCTTTATAGTCAGTGGGGAAACGGGGAAAAGAGTGGCGAATTCGCTCCGGTGAGAATGGATAGTTGGTTAGGCGATTTGACGTTTAATGTTGTTGCCAGAATTGTTGCGGGTAAGAAGAATTTCTCGGCCAACGGTGACGTTGGGGCTCAGAGATATAAAGCAGCAATGGATGAAGCTATGAGATTAATGAGATTTTTCGCATTTTCGGATGTAATTCCCTCGCTAAGCTGGTTAGACAATCTAAGAGGTTTGGTGCGAGATATGAAAAAATGTGCATCTGAAATTGATTCAATTATGGCTACTTGGGTTGAAGAACATCGCGTGAAAAGAAATTCAGGAGGTGATTCTCAACTCGAACATGATTTTATTGATGTTTGCTTGGATATTATGGAGCATTCTTCGTTACCCGGCGATGATCCTGACCTCGTCGTCAAATCTACGTGTCTGGACATGATATTGGGTGGGAGTGACACGACGACAGTTACCCTAACATGGGCTATGTCTTTACTCTTGAACCATCCCCAAGTACTGCAAAAAGCAAAAGAAGAACTAGAGACACAAGTAGGAAAGAACCGGCAAGTCGACGACTCGGACATCCCGAATCTCCCATTCATCCAAGCGATCATCAAAGAGACGATGAGGCTGTACCCGGCTGGACCATTGATCGAGCGGAGGACGATGGAGGACTGCGAAGTAGCCGGGTACCAAGTTCCAGCCGGCACGCGCTTATTGGTTAACGTCTGGAAGATGCAAAGAGATGGGAACGTATACAAAGGCGATCCGTTGGAGTTTAGACCCGACAGGTTTTTAACTAGCAATGCGGATGTGGATCTAAAGGGTCAGCATTATGAATTGATACCATTTGGAGCTGGTAGAAGGATATGCCCGGGAGTATCGTTTGCGGTTCAATTGATGCATTTGGTTCTTGCTCGATTACTTCATGAATTCGAAATCACGACTGTGGAGCCAGAAACCAAGGTGGATATGGCTGAAAGTGGTGGTTTGCTTTGTTATAAGATAATGCCATTGGAAGTACTGATCAAACCTCGACTCGAGATATGAATCCtgagaccGACCtgagacgGCAT,1600,,,3,CDS,
MSH_Sdi1_type3,Coding Sequence,Sanguinarine,GCATcgtctcaTCGGggtctcaTATGATGGAATTCTTGTCTTTGGAACACCAATTGATCCCAATCTTCGCTTTGTTGTTGGCTTCTATTTTCTTGTACAACTTGTTGAAAAACCACGGTAGAAAGTCCAAGACTTCCAAGCCACCAGCTCCTGAGGCCTCTGGTGGTTGGCCAATTATGGGTCACTTGCACTTGTTCAACGGTTCCGAATTAACTCACCAAGTCTTGGGTTCTATGGCTGATAAATACGGTCCAGCTTTTAACATTAGATTTGGTTCTCACCAAACTTTGGTTGTCTCCTCCTGGGAAATTGTTAAGGAATGTTTCACCACTAACGATCGTTTTTTCTCTAACAGACCAGGTTCTTTGGCTATCAAGTTAATGTTCTACGATGCCGACTCCGTTGGTTATGCTCCTTACGGTGCTTATTGGAGAGATTTGCGTAAGATTTCTACTTTGAAGTTGTTGTCTAACCATAGATTGGAAACCTTGAAGCATTTGAGAACCTCCGAAGTTGAATCCTGTTTTAACCAATTGTACAACCAATGGAAGAACAACAAGGTTGGTGGTGGTGGTGACGATTTCGCTTTGGTTAGAATGGACAACTGGTTCGGTGATTTGACTTTTAACGTCGTCGCTAGAATTGTTGCTGGTAAGAAGAATTTCGCCGGTGGTGCCACCATTGGTGCCCAACGTTACAAGGAAGCTATGGACGAAGCTTTCAGATTGATGACCATCTTCGCTTTCTCTGACGTTGTCCCATCTTTAGGTTGGTTGGACAAGTTAAGAGGTTTGGTTGGTGGTATGAAGCGTTGTGGTGCTGAAATCGACTCCATTGTTGCTGGTTGGGTTGATGAACATAGATTGAAGAGAGCCTCTGGTAAGGGTGGTGGTGGTCATACCGATTTGGAGCAAGACTTCATCGATGTCTGTTTGGAAATCATGGAACACTCTACTTTGCCAGGTGATGACCCTGAAATTGTTATTAAATCTACCTGTTTGGACATGATTTTGGGTGGTTCCGACACCACCACTGTCACCTTGACCTGGGCTTTGTCCTTGTTGTTGAACAACCCACACGTTTTGAAGAGAGCTAGAGAGGAGTTAGACACCCACGTTGGTAAGGACAGACAAGTTGATGATTCCGACATGTCTAACTTGGTTTACATTCAAGCTATCATCAAGGAAACTATGAGATTGTACCCTGCTGGTCCATTGATCGAACGTAGAACTTCTGAAGACTGTGAAGTCGGTGGTTTCCACGTCCCTGCTGGTACTCGTTTATTAGTTAACTTGTGGAAGATGCAAAGAGACGGTTCCGTTTACAAGGAAGATCCATTAGAATTTAGACCAGAAAGATTTTTCACCTCCAACGCTGACGTCGATTTAAAGGGTCAAAACTACGAATTGATCCCATTTGGTGCTGGTAGAAGAATTTGTCCAGGTGTTTCTTTCGCCGTTCAATTGATGCACTTGGTTTTAGCTAGATTGGTTCACGGTTTCGAAATGAAGACTGCTGGTGGTGCTAAGGTTGATATGACCGAATCTGCTGGTTTAATTTCCCACAAGGTTACTCCATTGGAAGTTTTATTAAAGCCTAGATTGAGATTCAACAAGTTGTACAATTAGATCCtgagaccGACCtgagacgGCAT,1654,,,3,CDS,
MSH_Xsi1_type3,Coding Sequence,Sanguinarine,GCATcgtctcaTCGGggtctcaTATGATGCATAACCCAATTCCAAACCAATGGTTGCCATCTTCCACTTTGTTGACTCCAATCATTGTTTCTTTCTTGGTCATTGTCTTATTCTATATTTACAAAAAGAGATCTTCCAACACCATTCGTACCAAGAAGGCCCCTGAAGTCGTTGGTGCTTGGCCAGTCATCGGTCACTTGAATTTGTTCTCCTGTCCAAAGCCAGGTCACATCGTTTTAGGTGAATTGGCCGATCAATACGGTCCTGCCTTCACCATTCATTTCGGTATGCACCCAACCTTGGTTGTTTCCTCTTCCGAATTGGTTAGAGATTGTTTCACCACTAACGATAAGTTGTTTTCTTCTAGATTGGTCAACAAAGCTATTAAGTACATGTTCTATGACCAAGACACTATTTCTTTTGCCCCATATGGTCCTTACTGGAGAGAATTGAGAAAGATGATTGCCTTGAACTTGTTGAACAATGAAAGAATCAAGATGTTGCAACAACAACGTATTTCCGAAATGGATGCTTGTTTGAAAAAGTTATACGACTTATCCGCTAAGCGTAAAGATGAAAACGCTGGTGTTTTGGTTGATATGTCTAAGTGGTTCGCCGAAATCTCCTTCAACGTCGTCACCAGAATCGTCGCCGGTAAGCACATCTTTGGTCCAAAGGTTGAAAGATACAAGAACGTTATGGAAGAAGCCAGAAGATTGATGGACGTTATGGTTTTTTCTGACATGGTTCCATATTTGGGTTGGTTGGACCGTTTGAGAGGTGTCGACTCTGCCATTAAACGTACTGCTAAGGAGTTGGACTCCGTTTTGGAATCTTGGGTTGAAGAACATAGAAGAAAGTCTGTTTCCATTTCTGCTGGTACCGGTGGTATCTTCAATATCAAGGAAGAAGAAGAATTGGATTTCATTGATATTATGTTGTCCATTATTGCTAAGAATAACTTACCAGGTGATGACCCTGACACTTTGATTAAAGCCATTGTCCAAGAAACTTACTTGGCTGCTTGGGACAACACTACTGTTACTTTGACCTGGGTTTTGTGTTTGTTGTTGAACAATAAGCAAGTTTTGAAAAGAGCTCAAAACGAATTGGACGCCCAAGTTGGTAAGGAAAGACAAGTTGAAGATTCTGACATTAACAACTTGCCATATGTTCAAGCCATCGTTAAGGAATCTTTGAGATTGTACCCACCTGGTCCAATTATCGAAAGAGCTACCACTGAAGATTGTAATGTTGGTGGTTTCAGAGTTCCAGCTGGTACTAGATTGTGGGTCAATTTGTGGAAGTTGCAAAGAGATCCAAAAGTCTGGCCAAACGATCCATTGGAATTCAGACCAGAAAGATTCTTGAATGATAACGCTGATATCGATTTGAGAGGTCAAAATTCCGAATTAATTCCATTTGGTTCTGGTAGACGTATGTGTCCAGGTGTCTCTTTCTCCTTGCAAGTCATCCACTTGGTTATCGCCAGAATTATCCAAGGTTTCGAATTGAAGGCTCCAACCGATGCTGATATCGATATGTCCACTACTTTGGGTATGATCTCTTGGAAGGCCACCCCATTGGAAGTTTTGATGAACCCTAGATTCCCACCAGTTTTTTATAAGTAGATCCtgagaccGACCtgagacgGCAT,1657,,,3,CDS,
P6H_Ame2_type3,Coding Sequence,Sanguinarine,GCATcgtctcaTCGGggtctcaTATGATGGACTTCTCCTCTATCTTGTTGTTGTTGAACATCAACTGTTTCACTACTTCCTTGGTCACTTTGTTAGTTTTGGTCATGGTTTTCTTGTACAACAACACCAGATTCACTAAGCCTAAGGGTAACAAAAAGATGATTAAACCACCAAGATTGCCAGGTGCTAGACCTTTGTTAGGTCATTTACACTTGTTTGGTCCAGGTGAGTTGCCACACAAGGTTTTGTCTACTATGGCTGACAAGTACGGTCCAGCTTTCACCATTAAATTTGGTAAGCATACTACCTTGGTTGTCTCCGACATTCACACTATCAAGGAATGTTTGACCACTAACGACATTTTATTCTCCAACAGACCATCCTCTATTGCCTTCGATTTGATGACTTACGCCGATGATTCCGTCGCTTTTGCCCACTACTCTCCATACTGGAGAGAATTAAGAAAAATCTCTACCTTGAAGTTGTTGTCTAATAACAGATTGCAATCTATCAAGCAATTAAGATTGTCTGAAGTTAACGTTTGTTTCAAGGAATTGTACTCTTTGTGTAATAATAACAACAAATCTGGTGCTCCAGTCTTAATCGATATGAAAAAATGGTTCAAGGAAGTCACCACCAACATCGTCATTAGAGTTATTGTTGGTAAGCAAAACTTCGGTTCTAAGATCGTTAGAGGTGAAGACCAAGAGGCTGCTAACTACAAGAAGATTATGGACGAATTGTCTAGATTGGCCAAGTTGTCTATGTTCTCCGATTACGCTCCATTATTGTCTTTGTTCGACTACTTCCGTGGTAACGTCTCCGCTATGAAGAGAAACGGTAAGGAATTGAACGCTATGTTACAAAACTGGTTAGAAGAACATAAGAGAAAGAAGAACTCCTCTATCTCTAATGATGACGAACAAGATTTCATGGATTTGATGTTGTCTATCATTGATGAAACTAAGTTGTACGGTAGAGACGCTGATACTTTTATCAAGGCTATTTCTTTGTCCATGATTGTCGGTGGTATCGATACTGTTGTCGTCACTTTAACCTGGATTTTAGCTTTAATCATGAAGAATCCATTCGCTTTGAAGAAGGCTCAAGAGGAATTGGACTTCTTCGTCGGTAAAGAAAGACAAGTTGAGGACTCTGACTTGAAGAACTTGGTTTATATGAACGCTATCGTCAAGGAAACTTTGAGATTATATCCATTGTCTTGTATCTTAGAACGTGACACTAAGGAAGACTGTGAGGTCGGTGGTTATTACGTTGAAGGTGGTACTAGATTGTTAATTAACGCTTGGAAATTGCAAAGAGACCCTAATGTTTGGACCGATCCATCCGAATTCAAGCCAGAAAGATTTTTGAATGAAAACGCTGACATTGACGTCGGTGGTCAACACTACGAATTGATTCCATTCGGTGCTGGTAGACGTGTCTGTCCAGGTGTTTCCTTCGCTTTGCAATTTATGGACTTGGTTTTGGCTCGTTTGATTCACGGTTACGAATTGGGTACTTTGAACGGTGAAGATGTCGATTTGACCGAAAAGACTGAGGGTCAAATTAACTTCAAGGCTACTCCATTGGATTTGATTGTCACTCCTAGATTGCACCCAAACTTGTACGACTACTAGATCCtgagaccGACCtgagacgGCAT,1666,,,3,CDS,
P6H_Cma5_type3,Coding Sequence,Sanguinarine,GCATcgtctcaTCGGggtctcaTATGATGGACTCTTTCTTGTTGATTGAATGGTTCGCTGCCTTCATGGCCGCTTTGTTGGCTTTGGTTTTCTTGTATAATTTGGTTTGGTCCTCTTCCAGAACTACCAAAGGTAAGAAAATTAGAAAGGCTCCAATGGCTGCTGGTGCTTGGCCAATCTTGGGTCATTTGCACTTATTCGGTTCTGGTGAGTTACCACACAAGATGTTGTCTACTATGGCCGAAAAGTATGGTCCAGCTTTTACTATGAAGTTCGGTAAGCACACTACCTTGGTTGTCTCTGACACCTTGATCGTCAAAGAATGTTTCACCACCCACGATACCTTATTTGCTAACCGTCCATCCACCACTGCTTTTGACTTGATGACTTATGCTAACGACTCCGTTGCCTTTACTCCTTATGGTCCATATTGGAGAGAGTTAAGAAAAATTTCCACTTTAAAGTTGTTGTCTAACCATCGTTTGCAATCTATTAAGGAAATTAGAGTCTCTGAAGTTAACGTTTGTTTTAGAGAATTGTACGAATCCTGTAAGTCTAAGACCGACGCTACTCCAGTCTTAGTTGACATGAAAAAGTGGTTCGAAGAAGTCTCCAACAACATTGTCATGAGAGTTATTGTTGGTAGACAAAACTTCGGTTCTAAAATTGTCCAAGGTGAAGAAGAAGCTATTAACTACAAGAAGGTTATGGACGAATTGTTGAGATTAGCTTCTTTGTCTATGTTATCCGATGTTGCTCCTGTTTTAGGTTGGTTGGACATGTTTCAAGGTAATAAGTCTGCTATGAAGAGAAACGCCATCAAGGTCGATACCATTTTGGAAGGTTGGTTGGAAGAACATAGAATGAAGAAGTCCGCCTCCGGTATTCCATCCGCCGGTGAAAACGACCAAGACTTCATGGACGTTATGTTGTCCATCATTGAAGAAACCAAGTTGTTCGGTAGAGACGCTGATACCGTCATCAAGGCTACTTGCTTGGCCATGATCATGGGTGGTACTGATACTACCGCCGTTTCTTTGACTTGGATTGTCTCTTTGTTGATGAACCACAGACATGTCTTGAAGAAAGCCCGTGATGAATTGGACGCTTTAGTCGGTAAGGATAGACAAGTTGAAGATTCTGATTTGAAGAACTTGGTTTATATGAACGCTATCGTCAAAGAAACCATGAGAATGTACCCATTAGGTGCTATCTTCGAAAGAGAAACCAAGGAAGACTGTGAAGTCGGTGGTTTCCAAGTCCAAGGTGGTACTAGATTGTTGGTTAACGTTTGGAAGTTACAAAGAGATCCTAACGTTTGGACCGATCCAACCGAATTCAAGCCTGAAAGATTCTTAAACGAAAATGTTGATATTGACGTTGGTGGTCAACATTTTGAATTATTGCCATTCGGTGCCGGTCGTAGAGTTTGTCCAGGTGTTTCTTTCGCCTTGCAATTCATGCATTTAGTCTTGGCTAGATTGATCCACGGTTACGAATTGGGTACTCAAAACGACGCTGACGTTGATTTAACTGAATCTACTGAAGGTCACGTCAACCACAAGGCTTCTCCATTGGATTTATTGTTAACTCCTAGATTGAACAATCCAAAGTTGTATGACTACTAGATCCtgagaccGACCtgagacgGCAT,1654,,,3,CDS,
P6H_Eca3_type3,Coding Sequence,Sanguinarine,GCATcgtctcaTCGGggtctcaTATGATGGATACTGCTTCCTCTATCTCTTTGTTGTTACCATGGGCTGTCGTCGTCCCATCCATTGCTACTTTGTTGGCTTTGTTATTATTTTTATTCATCACTTCCCCAAAAACTCCTAAGAGAAAGACTTCTTCCAAGCCACCACCAACTGTTTTGCCAGGTGCTTGGCCAATCTTAGGTCACTTGCACTTATTTAAGGAAGGTGAATCTCCACATCATATGTTGAAGAACTTGGCTGATAAGTACGGTCCAGCTTTTGTTATGAAATTTGGTCAACATCGTTCTTTGGTCGTCTCTAATACCAAGATCGTTAAGGAATGTTTTACCACCAACGATACTTTGTTCTCCAACAGACCTTCCACTACCGCCTTTGACTTGATGACCTATGCTCACGATTCTGTTGCTTTCACCCCATACTCTCCATACTGGAGAGAATTGCGTAAGATTTCTACCTTAAAGTTGTTATCCAACAATAGATTGAAGGCCATTAAGAAGTTGAGAGGTGAAGAAGTTGACGTTTGTTTCAGAGGTTTGTACGGTTTGTGGAAAAATAAGACCAAGAACGGTGCTCCTGTTTTAGTCGACATGAAGAAATGGTTCGAAGAAGTCGCTAACAATGTCGTTATTAGAGTTATCGTTGGTAAGTTATCTTTCGGTACTAAGATTGTTGACGGTGAAGAGGAGGCTGTCGAATACAAAACTGTTATGGACGAATTGTTAAGATTGGCTTCTTTGTCTTTGTTGTCTGATATGGCTCCAATTTTGGGTTGGTTAGACTTCTTCCAAGGTTCTGTTAGAAAGATGAAGCAAACTGGTAAGCGTTTGGACGTTTTGTTAGAAAAATGGTTGGGTGAACACAGAGAAAAGAAAAATTTGGTCGGTGAAGATGAACAAGATTTTATGGACGTTATGTTGTCTATTGTTGAAGAATCTAAGTTGTCCGGTCACGAAGCTGATGCCGTTATTAAGGCTACTTGTTTAGCTATGATCATGGGTGGTACTGACACTACTGCCGTTACTTTGACTTGGATCATTTCTTTATTAATGAACAACAGACACGCTTTGGAAAAGGCTAGAGAAGAATTGGAAACTCACGTCGGTAAGGATAGACAAGTCGAAGACACTGATTTACAAAACTTAGTCTACTTGTCTGCCATCGTTAAAGAAACCATGAGATTGTACCCTTTGGGTACTTTATTGGAAAGAGAAACCAAAGAAGATTGTGAAGTTGGTGGTTTCCATATTCAAGGTGGTACTCGTTTGTTGGTCAACATCTGGATGGTCCAACGTGACCCTACCGTTTGGAATGACCCATCCGCTTTCAAGCCAGAAAGATTTTTGACTGACAAGTCTGAGATTGATGTCGGTGGTCAACACTTCGAATTGATTCCATTCGGTGCTGGTAGAAGAGTTTGTCCAGCTGTCTCTTTCGCTTTGCAATTCTTGCATTTGGTTTTGGCTAGATTGATCCATGGTTACGACTTGGGTACCCCTTCTAATGTTGAAGTTGATTTAACCGAGTCTTTGGAAGGTCATGTTAACCACAAGGCCTCTCCATTAGAATTATTATTGACTCCAAGATTAAACCCAAAATTGTACTAGATCCtgagaccGACCtgagacgGCAT,1651,,,3,CDS,
P6H_Eca4_type3,Coding Sequence,Sanguinarine,GCATcgtctcaTCGGggtctcaTATGATGGACTCTTTGATGTTGGCTTACTTGTTCCCTATTTCCGTTGCCTCTATTATTGCTTTTGTTTTCTTGTACAACTTGTTTTCTTCTAGAACTTTAAAAAATAAGAAGATCAGAACTGCTCCAATGGCCACTGGTGCTTGGCCTGTTTTGGGTCACTTACATTTGTTCGGTTCTGGTGAATTGCCACACAAGATGTTGGCTGCTATGGCTGACAAGTACGGTTCCGCTTTTAGAATGAAGTTTGGTAAGCATACTACTTTGGTCGTTTCTGACACTAGAATCGTTAAGGAGTGTTTCACCACCAACGATACTTTGTTCTCCAACAGACCATCTACCAAGGCTTTCCAATTGATGACTTACGATAATGAATCTGTTGCCTTTACTCCATACGGTTCCTACTGGAGAGAGATCAGAAAAATTTCTACTTTGAAGTTGTTGTCTAACCATAGATTACAAGCCATCAAGGACGTCCGTGCTTCTGAAGTTAATGTCTGTTTTAAGACTTTGTACGATCAATGTAAGAACCCATCCGGTTCCGCTCCAATCTTGATTGACATGAAGAAGTGGTTCGAAGAAGTTTCTAACAATGTCGTTATGCGTGTCATTGTTGGTCGTCAAAACTTCGGTTCCAAAATCGTCCAAGGTGAAGAAGAAGCTATCCATTACAAGAAAGTTATGGATGAATTGTTGAGATTGGCTTCCTTATCTATGTTTTCTGATTTCGCTCCATTGTTGGGTTTCGTTGATATTTTCCAAGGTAATTTATCTGCTATGAAGAGAAACGCTAAGAAGGTCGATGCTATCTTGGAAAACTGGTTGGAAGAACACAGAAAAAAAAAGAATTCTGTTGCCGAGTCCCAACAAGACTTTATGGATGTTATGTTGTCCATCGTTGAAGAGTCTAAGTTGTCTGGTCACGACGCTGACGCTGTCATTAAGGCTACCTGTTTGGCTATGATCATGGGTGGTACCGATACTACCGCTGTTTCTTTGACTTGGATCATCTCCTTGTTGATGAACAACCGTCACGCTTTGAAAAAAGCCAGAGAAGAATTGGACGCTTTGGTCGGTAAGGATAGACAAGTCGAAGATTCCGATTTGAAAAACTTGGTCTATATGAACGCTATCGTTAAGGAAACTATGAGAATGTACCCATTGGGTACCTTGTTGGAAAGAGAAACCAAGGAAGACTGTGAAATTGACGGTTTCCACGTTAAGGGTGGTACCAGATTGTTGGTTAATGTTTGGAAATTACAAAGAGACCCAAACGTCTGGGTCGACCCAACTGAATTCCGTCCTGAAAGATTCTTGACTGAAAATGCCGATATTGATGTTGGTGGTCAACACTTCGAATTGTTGCCATTCGGTGCTGGTAGACGTGTTTGTCCAGGTGTTTCCTTCGCTTTGCAATTCATGCATTTAGTTTTAGCCCGTTTGATTCACGGTTACGACTTAAACACCTTGAACGAAGAAAATGTTGACTTGACTGAGTCTCCTGAAGGTCATGTTAATCACAAAGCTTCTCCATTGGACTTGATTTTGACTCCAAGATTACACTACAAGTTATATGAATAGATCCtgagaccGACCtgagacgGCAT,1627,,,3,CDS,
P6H_Gfl4_type3,Coding Sequence,Sanguinarine,GCATcgtctcaTCGGggtctcaTATGATGGATACTTTGTCTATCCAATGGATTGTCCCATCTATCGCTACTTTGTTGGCCTTGGTCTTCTTGTACAATTTGATTTTCACTTCTAAGAAAACTACTAAGACTAACAACACTAGAAAAGCTCCAATGGCTTCTGGTGCTTGGCCAGTTTTAGGTCACTTACATTTATTCGGTACTGGTGAATTGCCACATAAGATGTTGGCTACTATGGCTGAAAACTACGGTACCGCCTTCACTATGAAGTTCGGTAACCATACTACCTTAGTCGTTTCTGACACTAGAATCGTCAAGGAATGTTTCACCACCAACGATACTTTGTTCGCTAACCGTCCATCTACCAAAGCTTTCGACTTGATGACTTACGCCAACGACTCTGTCGCCTTCACCCCATACTCTCCATACTGGAGAGAGTTGAGAAAGATTTCCACTTTGAAATTGTTGTCCAACCATAGATTGCAATCTATTAAGGACGTTAGAGTTGCTGAAGTTAACGTCTGTTTCAGAGGTTTGCATGTTTTGTGTAAGTCTAAGATCTACGGTGCTCCAGTTTTGGTTGACATGAAGAAATGGTTTGAAGAAGTTTCCAACAATATTGTCATGCGTGTTATTGTCGGTAAACAAAATTTTGGTTCTAGAATCGTCCAAGGTCAAGAAGAAGCTGTTTATTATAAGTCCGTCATGGACGAATTATTGAGATTGGCTTCTGTCTCTGTTTTGTCTGACTTTGCTCCATTATTCGGTTGGTTGGACTTTTTCCAAGGTAACATCTCCGCTATGAAAAGAAACGGTAAGAAGTTGGACGTCATTTTAGAGAGATGGATGGAAGAACACAGACAAAAGAAAATCTCCTCCTCCTCCTCTATTGCCGCTTCTGGTGCTGGTGAAGATGACGAGCAAGACTTTATGGATGTTATGTTATCCATCATCGAGGAAACTAAGTTATCTGGTAGAGACGCTGATACTGTTATCAAAGCTACTTGTTTGGCTATGATCATGGGTGGTACTGATACCACTGCTGTCTCCTTAACCTGGATTGTCTCTTTGTTGATGAACAACAGACACGTTTTGAAGAAGGCTAGAGAAGAATTGGATTCTTTGGTCGGTAAGGACAGACAAGTTGAGGATTCCGACTTGAAGAACTTCGTCTACATGAACGCTATCGTTAAGGAGACTATGCGTTTGTACCCTTTCGGTGCTTTGTTGGAAAGAGACACCAAAGAAGATTGCGAAGTCGGTGGTTTCCACGTTGAAGCTGGTACCCGTTTGTTAGTCAACGTTTGGAAGTTGCAAAGAGATCCAAACGTCTGGAAGGATCCATTGGAATTTAGACCAGAAAGATTTTTGGTTGAGAACGTCGACATTGATGTTGGTGGTCAACATTTCGAATTATTGCCATTCGGTGCTGGTCGTAGAGTTTGTCCAGGTGTCTCTTTCGCTTTACAATTCATGCACTTAGTTTTGGCTAGATTGATTCACGGTTACGAATTGGAAACCTTAAACGGTGAAGACGTCGACTTGACCGAATCTACTGAAGGTCATGTCAACCACAAGGCTTCCCCATTGGATTTGTTAATCACCCCAAGATTGGACTCTAAGGTTTATAACTACTAGATCCtgagaccGACCtgagacgGCAT,1663,,,3,CDS,
P6H_Ndo2_type3,Coding Sequence,Sanguinarine,GCATcgtctcaTCGGggtctcaTATGATGGACTCCTTGTTATTCCAATGGTTCCCAGCTTCTATGGCTGCTTTGGTTGCCTTCGCTTTCTTGTACAAGTTGTGGTCTGCCCCAAAAATCACTAAGAACGGTAAGACCTCCACTAAGCAAGCTCCAATTGCCGCTGGTGCTTGGCCAGTTTTGGGTCACTTGCATTTGTTCGGTGGTGGTGAATTGCCACACAAGATGTTGGCCGGTATGGCTGAAAAGTACGGTCCAGCTTTCACTATGAAGTTCGGTATGCATAGAACTTTAGTTGTCTCTGATACTAAGATCGTTAAGGAATGTTTTACTACTCATGACACCTTGTTCGCCAACCGTCCTTCCACCACTGCTTTCCATTTAATGACTTACGATCAAGAATCTGTCGCTTTCACTCCATACGGTCCATTCTGGAGAGAATTAAGAAAGATTTCCACCTTGAAATTGTTGTCTAACCACCGTTTGCAAGCTATTAAGGATGTTAGAACTTCTGAAGTCAACGTTTGTTTTAGAGGTTTGTACAACATCTGGCAAACCAACAAGAACGAACAAGGTGGTACTGTTTCCGATCATCCAAGACCAGTTTTAATCGATATGAAGAAATGGTTCGAGGAAGTTTCTAACAATGTCGTCATCCGTGTTATCGCTGGTAAGCAAAACTTCGGTTCCAAAATCGTTCGTGGTGAAGAGGAAGCTGTTAAATACAAGAAGATTATGGATGAAGTCTTGAGATTGGCCGCTGTTTCCATGTTGTCTGATGTTGCTCCATTGTTAGGTTGGTTAGACTTGTTCCAAGGTAACTTATCTGCCATGAAAAGAAACGCCAAGGAAGTTGATAACATGTTGAATGCTTGGGTTGAAGAACATAGACGTAAACGTTTGGCTCATTCCGCTAAGGTTGAAGCTACTCACGTTGAACAAGACTTCGTTGACGTCATGTTGTCCATCATGGAAGAGAACAAGTTGTCCTCTGTTCACGATGACGACACCGTCATTAAGGCTACTGTTTTGGCTATGATCATGGGTGGTACTGACACTACCGCCGTTTCTTTGACCTGGACTGTTTCTTTGTTAATGAACCACAGATACGTCTTAAAGAAAGCTCAAGAGGAAATCGATCAACATGTTGGTAAGGAAAGACAAGTTGAAGATTCCGATTTGAAAAACTTGGTCTACTTGAACGCCATTGTTAAAGAAACTATGAGAATGTACCCATTAGGTGCCTTGTTGGAGCGTGAAACTAAGGAAGACTGTGAAGTTGGTGGTTTCCATGTTAAGGGTGGTACTAGATTGTTGGTCAACGTCTGGAAGTTGCAAAGAGATCCAAATGTCTGGATTGACCCAACTGAATTCAAGCCAGAACGTTTTTTGGCTGAAAATGCTAATATCGACGTCGGTGGTCAACACTTCGAATTGTTGCCTTTCGGTGCCGGTAGAAGAGTCTGTCCAGGTGTTTCTTTCGCTTTACAATTCATGCATTTAGTCTTAGCTAGATTGATTCATGGTTTCGAATTAGAGACCCCTATGAACGCTGACGTCGATTTAACTGAATCTACCGAAGGTCATGTTAACCACAAGGCCTCTCCATTAGACTTGTTGATCGCTCCAAGATTGAACTCCAAATTGTACGAATTGTAGATCCtgagaccGACCtgagacgGCAT,1684,,,3,CDS,
P6H_Pso_type3,Coding Sequence,Sanguinarine,GCATcgtctcaTCGGggtctcaTATGATGGATTCCTTAATGCTTGCTTATTTGTTTCCAATTTCAGTTGCTTCTATTATTGCTTTTGTTTTCCTCTACAATCTCTTTTCTTCAAGAACTCTTAAAAATAAGAAGATTAGGACAGCACCCATGGCAACAGGTGCTTGGCCTGTTCTTGGTCATCTCCATCTCTTTGGTTCTGGTGAATTGCCTCATAAAATGTTAGCTGCCATGGCTGACAAGTATGGCTCAGCCTTCAGGATGAAGTTCGGTAAACACACAACACTAGTTGTGAGTGATACCCGTATCGTTAAAGAATGTTTCACTACCAACGATACCCTCTTCTCTAACCGTCCTTCCACTAAAGCTTTTCAACTCATGACTTACGATAATGAGTCGGTTGCCTTTACACCTTACGGTTCTTACTGGCGCGAGATTAGAAAGATATCCACTCTTAAACTTCTATCCAACCATCGTCTCCAAGCCATCAAGGACGTAAGAGCCTCGGAGGTAAACGTCTGCTTCAAAACCTTATACGACCAGTGTAAGAATCCAAGTGGATCAGCTCCTATTTTGATCGATATGAAGAAATGGTTCGAAGAGGTCTCGAACAACGTGGTGATGAGGGTAATTGTGGGGAGACAAAACTTTGGGTCTAAGATTGTGCAAGGTGAGGAGGAAGCTATCCATTACAAGAAGGTCATGGATGAGCTCTTACGTCTCGCTAGCTTGTCTATGTTCTCGGATTTTGCTCCTTTACTTGGTTTCGTGGACATCTTTCAAGGAAACTTGAGTGCCATGAAACGAAACGCCAAGAAGGTAGATGCAATCCTGGAGAACTGGTTGGAAGAGCATCGCAAGAAGAAGAACTCAGTTGCTGAAAGCCAGCAAGATTTCATGGATGTTATGTTGTCGATTGTTGAGGAGAGCAAGTTGTCTGGTCACGATGCTGATGCCGTAATTAAAGCTACTTGTCTAGCCATGATCATGGGCGGAACAGATACCACAGCAGTGAGTCTAACATGGATCATTTCTTTATTAATGAATAATCGTCACGCTTTGAAGAAAGCTCGAGAAGAGTTAGATGCACTAGTAGGAAAGGACAGACAAGTTGAAGATTCGGATTTGAAGAATTTAGTTTACATGAATGCTATTGTTAAGGAAACAATGAGAATGTACCCATTAGGTACTCTTCTCGAACGTGAGACTAAGGAGGATTGTGAGATCGACGGGTTTCATGTCAAAGGTGGGACTAGGTTGCTAGTGAATGTGTGGAAGTTGCAACGAGACCCAAATGTATGGGTTGATCCAACAGAATTTAGACCCGAAAGATTTCTAACGGAGAATGCAGATATAGATGTTGGAGGTCAGCATTTTGAGTTGCTACCATTTGGAGCAGGACGAAGGGTGTGCCCTGGGGTGNCGTTTGCACTACAATTCATGCATTTAGTACTTGCTCGCCTCATCCATGGATACGATTTGAATACTCTAAACGAAGAAAATGTGGATCTGACGGAGAGCCCAGAAGGACATGTGAACCACAAAGCATCGCCTCTTGATCTCATCCTCACCCCTCGTCTACATTACAAGTTGTACGAATAGATCCtgagaccGACCtgagacgGCAT,1627,,,3,CDS,
P6H_Pso6_type3,Coding Sequence,Sanguinarine,GCATcgtctcaTCGGggtctcaTATGATGGATTTCTCTTCTTTATTGTTGTTGTTGTTGAACACTTGGATCTCTGCCTACTCTATGGCTGCTTTATTAGCTTTGGTCTTGGTTTATAACTTGCGTATGACTAAGTCCTCTTCTTCTAAGACTACTTCCTTGAAGGGTAAGAAGATTATCACCCGTCCACCAGCTGTTACTGGTGCTTGGCCAGTCTTCGGTCACTTGCATTTGTTTGGTTCCGGTGAACACCCACACGAAATGTTGTCCAAGTTAGCTGAAAAGTACGGTCCTTCCTTTACTATGAAGTTCGGTAAGCACACCACCTTGGTTGTTTCCGATACCAGAGTTGTCAAGGAATGTTTTACCACTAACGACACTTTGTTCTCTAACAGACCATCTACTATCGCTTTCGATTTGATGACTTACGCTACTGACTCTATCGCTTTCACCCCATATTCTCCATACTGGAGAGAATTGCGTAAGATCTCCACCTTGAAATTGTTGTCTAACAACAGATTGGAATCTATTAAGCAATTGAGAACCTCTGAAGTCTCTGTTTGTTTCAAGGAATTATACGACTTGACCAACAAGAAGAACGACAACGGTGCTCCAGTCCCAATTGATTTAAAGAGATGGTTCGATGAAGTTTCTAATAACGTTATCATGAGAGTTATCTTTGGTAAGCAAAACTTCGGTTCCAAGATCGTTTTGGGTGAAGATCAAGAAGCTGTCCACTACAAAAAGATCATGGATGAATTATCTAGATTGTCTTCCTTAACCATGTTGTCTGATATGGTTCCATTGTTGGGTTGGTTGGACTACTTCAAGGGTGACTTAAGAGCTATGAAGAGAAACGGTAAGGAATTGAATTCTATCTTGCAAAAGTGGTTGGAAGAACATAAGTCTAAAAAGTCTTCTGATGCTAGACAAGACTTCATGGATGTCATGTTATCTATTTCTAAAGACACTCAATTGTACGGTCATGATCAAGATACCTTCATTAAGGCTACTTGTTTAGCTATGATTATGGGTGGTACCAATTCCACTGAAGTCGCCTTGACTTGGATTTTGTCTTTGTTGATGAACAACAGATGTGCCTTACACAAGGCCAGAGAAGAAATCGATTTGTTGGTTGGTAAAGATAGACAAGTTGAAGACTCCGACGTTAAGAACTTGACCTATATGAACGCTATTATTAAGGAAACCATGAGATTGTACCCATTAGGTTTCTTGTTGGAAAGAGACACCAAGGAGGACTGTGAAGTCTCTGGTTTTAACATTAAGGGTGGTACTAGATTATTGATTAACGTTTGGAAGTTGCAAAGAGATCCTAATGTTTGGACTGACCCAATGGAATTCAAGCCAGAACGTTTTTTGACTGAAAACGCTGATATTGACGTTGGTGGTCAACACTTCGAATTGTTGCCATTTGGTGCTGGTAGAAGAGTTTGTCCTGGTGTTTCCTTCGCTTTACAATTCATGCACTTGGTTTTGGCTCGTTTGATCCACGGTTACGATATGGAAACTTTGAACGGTGAAGATGTTGACTTGTCTGTTTCTTCTGGTGGTCACGTTAACATCAAGTCTACTCCATTGGAATTGATTTTAACCCCAAGATTACACCCTGAATTATACGATTGTGAAACTTAGATCCtgagaccGACCtgagacgGCAT,1678,,,3,CDS,
P6H_Sca2_type3,Coding Sequence,Sanguinarine,GCATcgtctcaTCGGggtctcaTATGATGGAGTACTCTTCCGTCTTATTACACTGGTTCCCAGCCTCTATGGCTGCCTTGTTAGCCTTGGTTTTCTTGTATAACTTGATCTTCAACTCCCCAAAGACTGGTAATAAGAAGATCATTCGTAGAGCTCCTAAAGCCGCTGGTGCCTGGCCAGTTTTGGGTCACTTGCACTTATTCGGTTCTGGTGAGTTACCACATAAGATGTTGGCTGCTATGGCTGAAAAGTACGGTCCAGCTTTCACTATGAAGTTTGGTAAGCATACTACCTTAGTTGTTTCTGACACTAGAGTCGTTAAAGAATGTTTTACTACTAATGATACCTTGTTCGCTAATAGACCTTCTACCAAGGCTTTCGATTTGATGACTTATGCCAACGATTCTGTCGCCTTCACTCCTTACTCTCCATACTGGAGAGAGTTGAGAAAAATCTCCACCTTGAAGTTGTTGTCCAACCATAGATTGCAATCCATTAAGGAAGTTAGAGTTTCTGAAGTTTCTGTTTGTTTCAGAGAATTGTACGATATTTGCAAGAACGATGGTGGTGGTGCTCCACCAGTTTTAGTTGACATGAAGAAGTGGTTCGAAGAAGTTTCTAACAACATCGTTATGAGAGTTATCGTCGGTAAACAAAACTTCGGTTCTAAGATTGTTTGTGGTGAAGAAGAAGCTGTTAACTACAAGAACGTTATGGACGAATTATTAAGATTGGCTTCCGTTTCTATGTTGTCTGATGTCGCTCCATTGTTGGGTTGGTTGGACATGTTCCAAGGTCACATGTCCGCTATGAGAAGAAATGGTAAAAAGTTGGACACCATCTTGGAAAGATGGTTGGAAGAACACAGAAAAAAGAAATCTGAAGATGAACAAGACTTTATGGATGTCATGTTGTCCATTGTTGAGGAAACCAAGTTGTCTGGTCGTGACGCCGACACTGTCATTAAGGCTACCTGCTTGGCTATGATCATGGGTGGTACCGACACCACTGCCGTCTCTTTGACTTGGATTGTCTCTTTGTTGATGAACAATAGATACGCTTTGAAGAAGGCTAGAGAAGAGTTGGATGCTTTGGTCGGTAAGGATAGACAAGTCGAAGATTCTGATTTGAAGAACTTGGTTTACTTAAATGCTGTCGTTAAGGAGACTATGAGATTGTACCCATTGGGTGCCTTGTTGGAACGTGAAACCAAGGAAGATTGTGAAGTTGGTGGTTTCCAAATTAGAGCTGGTACCAGATTATTGGTCAATGTCTACACTTTACAACGTGATCCTAATGTTTGGAAGGACCCATTGGAATTTAGACCAGAGAGATTCTTGACTGAAAACGCTGATATCGATGTTGGTGGTCAACATTTCGAATTGTTGCCTTTTGGTGCTGGTAGAAGAGTTTGTCCAGGTGTCTCCTTCGCTTTGCAATTCATGCACTTGGTTTTGGCCAGATTGATCCACGGTTACGAATTGGGTACTCAAAACGATGAAGACGTTGATTTAACTGAATCTCCAGAAGGTCACGTTAACCACAAGGCTTCTCCATTGGACTTGATTTTAACCCCACGTTTGCATCCAAAATTGTACGATTACTAGATCCtgagaccGACCtgagacgGCAT,1633,,,3,CDS,
